ctime,schemaname,relname,seq_scan,seq_tup_read,idx_scan,idx_tup_fetch,n_tup_ins,n_tup_upd,n_tup_del,n_tup_hot_upd,n_live_tup,n_dead_tup,heap_blks_read,heap_blks_hit,idx_blks_read,idx_blks_hit,toast_blks_read,toast_blks_hit,tidx_blks_read,tidx_blks_hit
1416250713.92046,pg_catalog,pg_attrdef,0,0,0,0,0,0,0,0,0,0,0,0,0,0,0,0,0,0
1416250713.92046,pg_catalog,pg_db_role_setting,0,0,744,0,0,0,0,0,0,0,0,0,2,742,0,0,0,0
1416250713.92046,public,nation,13,50,42,42,25,0,0,0,25,0,1,45,2,49,,,,
1416250713.92046,pg_catalog,pg_rowsecurity,0,0,0,0,0,0,0,0,0,0,0,0,0,0,,,,
1416250713.92046,pg_catalog,pg_description,0,0,69,0,0,0,0,0,0,0,0,0,3,146,0,0,0,0
1416250713.92046,pg_catalog,pg_foreign_data_wrapper,0,0,0,0,0,0,0,0,0,0,0,0,0,0,,,,
1416250713.92046,pg_catalog,pg_conversion,0,0,0,0,0,0,0,0,0,0,0,0,0,0,,,,
1416250713.92046,pg_catalog,pg_class,196,39206,6842,6602,39,1,39,1,38,25,35,8556,35,14323,,,,
1416250713.92046,pg_catalog,pg_opfamily,0,0,0,0,0,0,0,0,0,0,0,0,0,0,,,,
1416250713.92046,pg_catalog,pg_auth_members,0,0,0,0,0,0,0,0,0,0,0,0,0,0,,,,
1416250713.92046,pg_catalog,pg_operator,0,0,695,1929,0,0,0,0,0,0,27,1464,22,1552,,,,
1416250713.92046,pg_toast,pg_toast_12345,0,0,0,0,0,0,0,0,0,0,0,0,0,0,,,,
1416250713.92046,pg_catalog,pg_attribute,66,450,4962,11361,180,10,180,10,2042,11,106,6645,52,10928,,,,
1416250713.92046,pg_catalog,pg_tablespace,0,0,91,91,0,0,0,0,0,0,2,89,5,179,,,,
1416250713.92046,pg_catalog,pg_statistic,0,0,715,618,63,21,66,20,63,44,46,734,12,1658,70,736,2,563
1416250713.92046,public,lineitem,13,539874468,56,56,59986052,0,0,0,59985760,0,8963339,4299035,22,338,,,,
1416250713.92046,pg_catalog,pg_aggregate,0,0,43,43,0,0,0,0,0,0,1,42,2,76,,,,
1416250713.92046,pg_catalog,pg_inherits,0,0,11,0,0,0,0,0,0,0,0,0,1,10,,,,
1416250713.92046,pg_catalog,pg_enum,0,0,0,0,0,0,0,0,0,0,0,0,0,0,,,,
1416250713.92046,pg_toast,pg_toast_2396,0,0,0,0,0,0,0,0,0,0,0,0,0,0,,,,
1416250713.92046,pg_catalog,pg_pltemplate,0,0,0,0,0,0,0,0,0,0,0,0,0,0,,,,
1416250713.92046,pg_toast,pg_toast_2618,0,0,69,220,0,0,0,0,0,0,11,75,4,108,,,,
1416250713.92046,pg_toast,pg_toast_3596,0,0,0,0,0,0,0,0,0,0,0,0,0,0,,,,
1416250713.92046,pg_toast,pg_toast_2606,0,0,0,0,0,0,0,0,0,0,0,0,0,0,,,,
1416250713.92046,pg_toast,pg_toast_2964,0,0,0,0,0,0,0,0,0,0,0,0,0,0,,,,
1416250713.92046,pg_toast,pg_toast_12330,0,0,0,0,0,0,0,0,0,0,0,0,0,0,,,,
1416250713.92046,pg_catalog,pg_database,41,152,682,682,0,0,0,0,0,0,0,723,8,1044,,,,
1416250713.92046,information_schema,sql_sizing_profiles,0,0,,,0,0,0,0,0,0,0,0,,,0,0,0,0
1416250713.92046,public,time_statistics,1,1,,,3,1,0,1,3,1,2,3,,,,,,
1416250713.92046,public,supplier,7,400000,42,42,100000,0,0,0,100000,0,2312,15690,6,108,,,,
1416250713.92046,pg_toast,pg_toast_2620,0,0,0,0,0,0,0,0,0,0,0,0,0,0,,,,
1416250713.92046,pg_catalog,pg_depend,0,0,547,592,99,0,99,0,90,99,26,851,25,1597,,,,
1416250713.92046,pg_catalog,pg_language,0,0,0,0,0,0,0,0,0,0,0,0,0,0,,,,
1416250713.92046,pg_toast,pg_toast_12320,0,0,0,0,0,0,0,0,0,0,0,0,0,0,,,,
1416250713.92046,pg_catalog,pg_amproc,12,24,647,1042,0,0,0,0,0,0,9,664,9,1469,,,,
1416250713.92046,public,customer,10,9000000,28,28,1500000,0,0,0,1500000,0,68533,294885,10,114,,,,
1416250713.92046,public,part,8,12000000,27,27,2000000,0,0,0,2000000,0,79007,327742,14,108,,,,
1416250713.92046,pg_catalog,pg_collation,0,0,0,0,0,0,0,0,0,0,0,0,0,0,,,,
1416250713.92046,pg_catalog,pg_range,0,0,2,0,0,0,0,0,0,0,0,0,2,2,,,,
1416250713.92046,pg_toast,pg_toast_2609,0,0,0,0,0,0,0,0,0,0,0,0,0,0,,,,
1416250713.92046,pg_catalog,pg_opclass,12,12,899,10418,0,0,0,0,0,0,7,3868,10,1172,,,,
1416250713.92046,information_schema,sql_packages,0,0,,,0,0,0,0,0,0,0,0,,,0,0,0,0
1416250713.92046,pg_catalog,pg_rewrite,0,0,101,98,1,0,1,0,0,1,11,94,6,168,11,75,8,216
1416250713.92046,pg_toast,pg_toast_1255,0,0,0,0,0,0,0,0,0,0,0,0,0,0,,,,
1416250713.92046,pg_catalog,pg_seclabel,0,0,69,0,0,0,0,0,0,0,0,0,1,68,0,0,0,0
1416250713.92046,pg_toast,pg_toast_12335,0,0,0,0,0,0,0,0,0,0,0,0,0,0,,,,
1416250713.92046,public,orders,10,60000000,30,30,15000000,0,0,0,15000000,0,504554,1558810,8,118,,,,
1416250713.92046,pg_catalog,pg_ts_parser,0,0,0,0,0,0,0,0,0,0,0,0,0,0,,,,
1416250713.92046,pg_catalog,pg_trigger,0,0,0,0,0,0,0,0,0,0,0,0,0,0,0,0,0,0
1416250713.92046,pg_toast,pg_toast_12340,0,0,0,0,0,0,0,0,0,0,0,0,0,0,,,,
1416250713.92046,pg_catalog,pg_shseclabel,0,0,0,0,0,0,0,0,0,0,0,0,0,0,,,,
1416250713.92046,pg_catalog,pg_event_trigger,0,0,49,0,0,0,0,0,0,0,0,0,1,48,,,,
1416250713.92046,information_schema,sql_features,0,0,,,0,0,0,0,0,0,0,0,,,0,0,0,0
1416250713.92046,information_schema,sql_languages,0,0,,,0,0,0,0,0,0,0,0,,,0,0,0,0
1416250713.92046,pg_catalog,pg_foreign_table,0,0,0,0,0,0,0,0,0,0,0,0,0,0,,,,
1416250713.92046,pg_catalog,pg_extension,0,0,0,0,0,0,0,0,0,0,0,0,0,0,,,,
1416250713.92046,pg_catalog,pg_ts_config,0,0,0,0,0,0,0,0,0,0,0,0,0,0,,,,
1416250713.92046,pg_catalog,pg_shdescription,0,0,0,0,0,0,0,0,0,0,0,0,0,0,0,0,0,0
1416250713.92046,pg_catalog,pg_cast,0,0,3509,1016,0,0,0,0,0,0,5,1011,6,3636,,,,
1416250713.92046,pg_catalog,pg_amop,0,0,1085,1388,0,0,0,0,0,0,6,1382,14,2331,,,,
1416250713.92046,pg_catalog,pg_user_mapping,0,0,0,0,0,0,0,0,0,0,0,0,0,0,,,,
1416250713.92046,pg_toast,pg_toast_12315,0,0,0,0,0,0,0,0,0,0,0,0,0,0,,,,
1416250713.92046,pg_catalog,pg_type,0,0,2237,2176,21,0,21,0,19,21,16,2256,18,4746,,,,
1416250713.92046,pg_catalog,pg_largeobject,0,0,0,0,0,0,0,0,0,0,0,0,0,0,,,,
1416250713.92046,information_schema,sql_parts,0,0,,,0,0,0,0,0,0,0,0,,,0,0,0,0
1416250713.92046,public,region,6,10,8,8,5,0,0,0,5,0,1,11,2,9,,,,
1416250713.92046,pg_catalog,pg_ts_config_map,0,0,0,0,0,0,0,0,0,0,0,0,0,0,,,,
1416250713.92046,pg_catalog,pg_largeobject_metadata,0,0,0,0,0,0,0,0,0,0,0,0,0,0,,,,
1416250713.92046,pg_catalog,pg_am,212,212,0,0,0,0,0,0,0,0,3,209,0,0,,,,
1416250713.92046,pg_catalog,pg_ts_template,0,0,0,0,0,0,0,0,0,0,0,0,0,0,,,,
1416250713.92046,pg_catalog,pg_foreign_server,0,0,0,0,0,0,0,0,0,0,0,0,0,0,,,,
1416250713.92046,pg_catalog,pg_namespace,30,2520,2206,2043,0,0,0,0,0,0,5,2098,9,2410,,,,
1416250713.92046,pg_toast,pg_toast_2619,0,0,287,788,244,0,14,0,243,14,70,736,2,563,,,,
1416250713.92046,public,partsupp,5,24000000,42,42,8000000,0,0,0,8000000,0,340611,954551,12,124,,,,
1416250713.92046,pg_catalog,pg_authid,17,17,322,322,0,0,0,0,0,0,2,337,8,636,,,,
1416250713.92046,pg_catalog,pg_default_acl,0,0,44,0,0,0,0,0,0,0,0,0,1,43,,,,
1416250713.92046,pg_catalog,pg_shdepend,0,0,80,11,0,0,0,0,0,0,1,10,4,98,,,,
1416250713.92046,pg_catalog,pg_constraint,0,0,16,8,8,0,8,0,8,8,4,44,8,80,0,0,0,0
1416250713.92046,information_schema,sql_implementation_info,0,0,,,0,0,0,0,0,0,0,0,,,0,0,0,0
1416250713.92046,pg_catalog,pg_index,94,7110,3726,4398,28,0,28,0,28,28,21,4551,10,4100,,,,
1416250713.92046,pg_catalog,pg_ts_dict,0,0,0,0,0,0,0,0,0,0,0,0,0,0,,,,
1416250713.92046,pg_toast,pg_toast_2604,0,0,0,0,0,0,0,0,0,0,0,0,0,0,,,,
1416250713.92046,pg_toast,pg_toast_12325,0,0,0,0,0,0,0,0,0,0,0,0,0,0,,,,
1416250713.92046,information_schema,sql_sizing,0,0,,,0,0,0,0,0,0,0,0,,,0,0,0,0
1416250713.92046,pg_catalog,pg_proc,0,0,1394,2069,0,0,0,0,0,0,45,1637,37,2958,0,0,0,0
1416250773.92264,pg_catalog,pg_attrdef,0,0,0,0,0,0,0,0,0,0,0,0,0,0,0,0,0,0
1416250773.92264,pg_catalog,pg_db_role_setting,0,0,844,0,0,0,0,0,0,0,0,0,3,841,0,0,0,0
1416250773.92264,public,nation,14,75,25578,25578,25,0,0,0,25,0,2,25581,4,25584,,,,
1416250773.92264,pg_catalog,pg_rowsecurity,0,0,0,0,0,0,0,0,0,0,0,0,0,0,,,,
1416250773.92264,pg_catalog,pg_description,0,0,69,0,0,0,0,0,0,0,0,0,3,146,0,0,0,0
1416250773.92264,pg_catalog,pg_foreign_data_wrapper,0,0,0,0,0,0,0,0,0,0,0,0,0,0,,,,
1416250773.92264,pg_catalog,pg_conversion,0,0,0,0,0,0,0,0,0,0,0,0,0,0,,,,
1416250773.92264,pg_catalog,pg_class,206,42256,7309,7054,39,1,39,1,38,25,36,9128,36,15290,,,,
1416250773.92264,pg_catalog,pg_opfamily,0,0,0,0,0,0,0,0,0,0,0,0,0,0,,,,
1416250773.92264,pg_catalog,pg_auth_members,0,0,0,0,0,0,0,0,0,0,0,0,0,0,,,,
1416250773.92264,pg_catalog,pg_operator,0,0,759,2245,0,0,0,0,0,0,39,1669,24,1697,,,,
1416250773.92264,pg_toast,pg_toast_12345,0,0,0,0,0,0,0,0,0,0,0,0,0,0,,,,
1416250773.92264,pg_catalog,pg_attribute,66,450,5268,11929,180,10,180,10,2042,11,121,6953,53,11557,,,,
1416250773.92264,pg_catalog,pg_tablespace,0,0,103,103,0,0,0,0,0,0,3,100,8,202,,,,
1416250773.92264,pg_catalog,pg_statistic,0,0,777,665,63,21,66,20,63,44,55,772,13,1791,97,748,4,585
1416250773.92264,public,lineitem,13,539874468,59,751429,60045669,0,0,0,60045377,0,9369788,4301735,109855,1305746,,,,
1416250773.92264,pg_catalog,pg_aggregate,0,0,46,46,0,0,0,0,0,0,2,44,4,80,,,,
1416250773.92264,pg_catalog,pg_inherits,0,0,11,0,0,0,0,0,0,0,0,0,1,10,,,,
1416250773.92264,pg_catalog,pg_enum,0,0,0,0,0,0,0,0,0,0,0,0,0,0,,,,
1416250773.92264,pg_toast,pg_toast_2396,0,0,0,0,0,0,0,0,0,0,0,0,0,0,,,,
1416250773.92264,pg_catalog,pg_pltemplate,0,0,0,0,0,0,0,0,0,0,0,0,0,0,,,,
1416250773.92264,pg_toast,pg_toast_2618,0,0,74,236,0,0,0,0,0,0,16,76,4,116,,,,
1416250773.92264,pg_toast,pg_toast_3596,0,0,0,0,0,0,0,0,0,0,0,0,0,0,,,,
1416250773.92264,pg_toast,pg_toast_2606,0,0,0,0,0,0,0,0,0,0,0,0,0,0,,,,
1416250773.92264,pg_toast,pg_toast_2964,0,0,0,0,0,0,0,0,0,0,0,0,0,0,,,,
1416250773.92264,pg_toast,pg_toast_12330,0,0,0,0,0,0,0,0,0,0,0,0,0,0,,,,
1416250773.92264,pg_catalog,pg_database,45,162,761,761,0,0,0,0,0,0,0,806,12,1168,,,,
1416250773.92264,information_schema,sql_sizing_profiles,0,0,,,0,0,0,0,0,0,0,0,,,0,0,0,0
1416250773.92264,public,time_statistics,4,13,,,6,4,0,4,6,4,2,12,,,,,,
1416250773.92264,public,supplier,9,500000,25578,25578,100000,0,0,0,100000,0,4491,41226,284,51055,,,,
1416250773.92264,pg_toast,pg_toast_2620,0,0,0,0,0,0,0,0,0,0,0,0,0,0,,,,
1416250773.92264,pg_catalog,pg_depend,0,0,547,592,99,0,99,0,90,99,26,851,25,1597,,,,
1416250773.92264,pg_catalog,pg_language,0,0,0,0,0,0,0,0,0,0,0,0,0,0,,,,
1416250773.92264,pg_toast,pg_toast_12320,0,0,0,0,0,0,0,0,0,0,0,0,0,0,,,,
1416250773.92264,pg_catalog,pg_amproc,12,24,693,1115,0,0,0,0,0,0,9,709,9,1577,,,,
1416250773.92264,public,customer,10,9000000,28,28,1500000,0,0,0,1500000,0,68533,294885,10,114,,,,
1416250773.92264,public,part,9,14000000,34,2000033,2000000,0,0,0,2000000,0,119529,369022,5487,130,,,,
1416250773.92264,pg_catalog,pg_collation,0,0,0,0,0,0,0,0,0,0,0,0,0,0,,,,
1416250773.92264,pg_catalog,pg_range,0,0,5,0,0,0,0,0,0,0,0,0,4,6,,,,
1416250773.92264,pg_toast,pg_toast_2609,0,0,0,0,0,0,0,0,0,0,0,0,0,0,,,,
1416250773.92264,pg_catalog,pg_opclass,12,12,950,10879,0,0,0,0,0,0,7,4055,10,1243,,,,
1416250773.92264,information_schema,sql_packages,0,0,,,0,0,0,0,0,0,0,0,,,0,0,0,0
1416250773.92264,pg_catalog,pg_rewrite,0,0,108,105,1,0,1,0,0,1,15,97,6,180,16,76,8,232
1416250773.92264,pg_toast,pg_toast_1255,0,0,0,0,0,0,0,0,0,0,0,0,0,0,,,,
1416250773.92264,pg_catalog,pg_seclabel,0,0,69,0,0,0,0,0,0,0,0,0,1,68,0,0,0,0
1416250773.92264,pg_toast,pg_toast_12335,0,0,0,0,0,0,0,0,0,0,0,0,0,0,,,,
1416250773.92264,public,orders,10,60000000,30,30,15015000,0,0,0,15015000,0,504810,1559367,2828,132793,,,,
1416250773.92264,pg_catalog,pg_ts_parser,0,0,0,0,0,0,0,0,0,0,0,0,0,0,,,,
1416250773.92264,pg_catalog,pg_trigger,0,0,0,0,0,0,0,0,0,0,0,0,0,0,0,0,0,0
1416250773.92264,pg_toast,pg_toast_12340,0,0,0,0,0,0,0,0,0,0,0,0,0,0,,,,
1416250773.92264,pg_catalog,pg_shseclabel,0,0,0,0,0,0,0,0,0,0,0,0,0,0,,,,
1416250773.92264,pg_catalog,pg_event_trigger,0,0,49,0,0,0,0,0,0,0,0,0,1,48,,,,
1416250773.92264,information_schema,sql_features,0,0,,,0,0,0,0,0,0,0,0,,,0,0,0,0
1416250773.92264,information_schema,sql_languages,0,0,,,0,0,0,0,0,0,0,0,,,0,0,0,0
1416250773.92264,pg_catalog,pg_foreign_table,0,0,0,0,0,0,0,0,0,0,0,0,0,0,,,,
1416250773.92264,pg_catalog,pg_extension,0,0,0,0,0,0,0,0,0,0,0,0,0,0,,,,
1416250773.92264,pg_catalog,pg_ts_config,0,0,0,0,0,0,0,0,0,0,0,0,0,0,,,,
1416250773.92264,pg_catalog,pg_shdescription,0,0,0,0,0,0,0,0,0,0,0,0,0,0,0,0,0,0
1416250773.92264,pg_catalog,pg_cast,0,0,3802,1101,0,0,0,0,0,0,5,1096,6,3942,,,,
1416250773.92264,pg_catalog,pg_amop,0,0,1164,1505,0,0,0,0,0,0,8,1497,14,2504,,,,
1416250773.92264,pg_catalog,pg_user_mapping,0,0,0,0,0,0,0,0,0,0,0,0,0,0,,,,
1416250773.92264,pg_toast,pg_toast_12315,0,0,0,0,0,0,0,0,0,0,0,0,0,0,,,,
1416250773.92264,pg_catalog,pg_type,0,0,2521,2460,21,0,21,0,19,21,17,2539,18,5329,,,,
1416250773.92264,pg_catalog,pg_largeobject,0,0,0,0,0,0,0,0,0,0,0,0,0,0,,,,
1416250773.92264,information_schema,sql_parts,0,0,,,0,0,0,0,0,0,0,0,,,0,0,0,0
1416250773.92264,public,region,6390,31925,12,12,5,0,0,0,5,0,2,6397,4,12,,,,
1416250773.92264,pg_catalog,pg_ts_config_map,0,0,0,0,0,0,0,0,0,0,0,0,0,0,,,,
1416250773.92264,pg_catalog,pg_largeobject_metadata,0,0,0,0,0,0,0,0,0,0,0,0,0,0,,,,
1416250773.92264,pg_catalog,pg_am,228,228,0,0,0,0,0,0,0,0,3,225,0,0,,,,
1416250773.92264,pg_catalog,pg_ts_template,0,0,0,0,0,0,0,0,0,0,0,0,0,0,,,,
1416250773.92264,pg_catalog,pg_foreign_server,0,0,0,0,0,0,0,0,0,0,0,0,0,0,,,,
1416250773.92264,pg_catalog,pg_namespace,32,2688,2389,2212,0,0,0,0,0,0,5,2271,10,2608,,,,
1416250773.92264,pg_toast,pg_toast_2619,0,0,309,878,244,0,14,0,243,14,97,748,4,585,,,,
1416250773.92264,public,partsupp,5,24000000,26473,1628542,8000000,0,0,0,8000000,0,511566,2393698,19969,63977,,,,
1416250773.92264,pg_catalog,pg_authid,20,20,368,368,0,0,0,0,0,0,3,385,12,724,,,,
1416250773.92264,pg_catalog,pg_default_acl,0,0,44,0,0,0,0,0,0,0,0,0,1,43,,,,
1416250773.92264,pg_catalog,pg_shdepend,0,0,80,11,0,0,0,0,0,0,1,10,4,98,,,,
1416250773.92264,pg_catalog,pg_constraint,0,0,16,8,8,0,8,0,8,8,4,44,8,80,0,0,0,0
1416250773.92264,information_schema,sql_implementation_info,0,0,,,0,0,0,0,0,0,0,0,,,0,0,0,0
1416250773.92264,pg_catalog,pg_index,98,7682,3969,4681,28,0,28,0,28,28,21,4849,10,4367,,,,
1416250773.92264,pg_catalog,pg_ts_dict,0,0,0,0,0,0,0,0,0,0,0,0,0,0,,,,
1416250773.92264,pg_toast,pg_toast_2604,0,0,0,0,0,0,0,0,0,0,0,0,0,0,,,,
1416250773.92264,pg_toast,pg_toast_12325,0,0,0,0,0,0,0,0,0,0,0,0,0,0,,,,
1416250773.92264,information_schema,sql_sizing,0,0,,,0,0,0,0,0,0,0,0,,,0,0,0,0
1416250773.92264,pg_catalog,pg_proc,0,0,1522,2259,0,0,0,0,0,0,62,1770,42,3236,0,0,0,0
1416250833.92487,pg_catalog,pg_attrdef,0,0,0,0,0,0,0,0,0,0,0,0,0,0,0,0,0,0
1416250833.92487,pg_catalog,pg_db_role_setting,0,0,872,0,0,0,0,0,0,0,0,0,4,868,0,0,0,0
1416250833.92487,public,nation,14,75,25578,25578,25,0,0,0,25,0,2,25581,4,25584,,,,
1416250833.92487,pg_catalog,pg_rowsecurity,0,0,0,0,0,0,0,0,0,0,0,0,0,0,,,,
1416250833.92487,pg_catalog,pg_description,0,0,69,0,0,0,0,0,0,0,0,0,3,146,0,0,0,0
1416250833.92487,pg_catalog,pg_foreign_data_wrapper,0,0,0,0,0,0,0,0,0,0,0,0,0,0,,,,
1416250833.92487,pg_catalog,pg_conversion,0,0,0,0,0,0,0,0,0,0,0,0,0,0,,,,
1416250833.92487,pg_catalog,pg_class,216,45306,7653,7398,39,1,39,1,38,25,51,9578,42,15987,,,,
1416250833.92487,pg_catalog,pg_opfamily,0,0,0,0,0,0,0,0,0,0,0,0,0,0,,,,
1416250833.92487,pg_catalog,pg_auth_members,0,0,0,0,0,0,0,0,0,0,0,0,0,0,,,,
1416250833.92487,pg_catalog,pg_operator,0,0,776,2262,0,0,0,0,0,0,39,1686,24,1739,,,,
1416250833.92487,pg_toast,pg_toast_12345,0,0,0,0,0,0,0,0,0,0,0,0,0,0,,,,
1416250833.92487,pg_catalog,pg_attribute,66,450,5468,12252,180,10,180,10,2042,11,127,7154,59,11959,,,,
1416250833.92487,pg_catalog,pg_tablespace,0,0,108,108,0,0,0,0,0,0,3,105,8,212,,,,
1416250833.92487,pg_catalog,pg_statistic,0,0,802,684,63,21,66,20,63,44,56,790,13,1846,97,748,4,585
1416250833.92487,public,lineitem,13,539874468,59,751429,60045669,0,0,0,60045377,0,9369788,4301735,109855,1305746,,,,
1416250833.92487,pg_catalog,pg_aggregate,0,0,47,47,0,0,0,0,0,0,2,45,4,82,,,,
1416250833.92487,pg_catalog,pg_inherits,0,0,11,0,0,0,0,0,0,0,0,0,1,10,,,,
1416250833.92487,pg_catalog,pg_enum,0,0,0,0,0,0,0,0,0,0,0,0,0,0,,,,
1416250833.92487,pg_toast,pg_toast_2396,0,0,0,0,0,0,0,0,0,0,0,0,0,0,,,,
1416250833.92487,pg_catalog,pg_pltemplate,0,0,0,0,0,0,0,0,0,0,0,0,0,0,,,,
1416250833.92487,pg_toast,pg_toast_2618,0,0,79,252,0,0,0,0,0,0,21,77,4,124,,,,
1416250833.92487,pg_toast,pg_toast_3596,0,0,0,0,0,0,0,0,0,0,0,0,0,0,,,,
1416250833.92487,pg_toast,pg_toast_2606,0,0,0,0,0,0,0,0,0,0,0,0,0,0,,,,
1416250833.92487,pg_toast,pg_toast_2964,0,0,0,0,0,0,0,0,0,0,0,0,0,0,,,,
1416250833.92487,pg_toast,pg_toast_12330,0,0,0,0,0,0,0,0,0,0,0,0,0,0,,,,
1416250833.92487,pg_catalog,pg_database,48,174,790,790,0,0,0,0,0,0,0,838,16,1207,,,,
1416250833.92487,information_schema,sql_sizing_profiles,0,0,,,0,0,0,0,0,0,0,0,,,0,0,0,0
1416250833.92487,public,time_statistics,4,13,,,6,4,0,4,6,4,2,12,,,,,,
1416250833.92487,public,supplier,9,500000,25578,25578,100000,0,0,0,100000,0,4491,41226,284,51055,,,,
1416250833.92487,pg_toast,pg_toast_2620,0,0,0,0,0,0,0,0,0,0,0,0,0,0,,,,
1416250833.92487,pg_catalog,pg_depend,0,0,547,592,99,0,99,0,90,99,26,851,25,1597,,,,
1416250833.92487,pg_catalog,pg_language,0,0,0,0,0,0,0,0,0,0,0,0,0,0,,,,
1416250833.92487,pg_toast,pg_toast_12320,0,0,0,0,0,0,0,0,0,0,0,0,0,0,,,,
1416250833.92487,pg_catalog,pg_amproc,12,24,709,1140,0,0,0,0,0,0,11,723,15,1609,,,,
1416250833.92487,public,customer,10,9000000,28,28,1500000,0,0,0,1500000,0,68533,294885,10,114,,,,
1416250833.92487,public,part,9,14000000,34,2000033,2000000,0,0,0,2000000,0,119529,369022,5487,130,,,,
1416250833.92487,pg_catalog,pg_collation,0,0,0,0,0,0,0,0,0,0,0,0,0,0,,,,
1416250833.92487,pg_catalog,pg_range,0,0,5,0,0,0,0,0,0,0,0,0,4,6,,,,
1416250833.92487,pg_toast,pg_toast_2609,0,0,0,0,0,0,0,0,0,0,0,0,0,0,,,,
1416250833.92487,pg_catalog,pg_opclass,12,12,967,11063,0,0,0,0,0,0,9,4122,14,1265,,,,
1416250833.92487,information_schema,sql_packages,0,0,,,0,0,0,0,0,0,0,0,,,0,0,0,0
1416250833.92487,pg_catalog,pg_rewrite,0,0,115,112,1,0,1,0,0,1,19,100,6,192,21,77,8,248
1416250833.92487,pg_toast,pg_toast_1255,0,0,0,0,0,0,0,0,0,0,0,0,0,0,,,,
1416250833.92487,pg_catalog,pg_seclabel,0,0,69,0,0,0,0,0,0,0,0,0,1,68,0,0,0,0
1416250833.92487,pg_toast,pg_toast_12335,0,0,0,0,0,0,0,0,0,0,0,0,0,0,,,,
1416250833.92487,public,orders,10,60000000,30,30,15015000,0,0,0,15015000,0,504810,1559367,2828,132793,,,,
1416250833.92487,pg_catalog,pg_ts_parser,0,0,0,0,0,0,0,0,0,0,0,0,0,0,,,,
1416250833.92487,pg_catalog,pg_trigger,0,0,0,0,0,0,0,0,0,0,0,0,0,0,0,0,0,0
1416250833.92487,pg_toast,pg_toast_12340,0,0,0,0,0,0,0,0,0,0,0,0,0,0,,,,
1416250833.92487,pg_catalog,pg_shseclabel,0,0,0,0,0,0,0,0,0,0,0,0,0,0,,,,
1416250833.92487,pg_catalog,pg_event_trigger,0,0,49,0,0,0,0,0,0,0,0,0,1,48,,,,
1416250833.92487,information_schema,sql_features,0,0,,,0,0,0,0,0,0,0,0,,,0,0,0,0
1416250833.92487,information_schema,sql_languages,0,0,,,0,0,0,0,0,0,0,0,,,0,0,0,0
1416250833.92487,pg_catalog,pg_foreign_table,0,0,0,0,0,0,0,0,0,0,0,0,0,0,,,,
1416250833.92487,pg_catalog,pg_extension,0,0,0,0,0,0,0,0,0,0,0,0,0,0,,,,
1416250833.92487,pg_catalog,pg_ts_config,0,0,0,0,0,0,0,0,0,0,0,0,0,0,,,,
1416250833.92487,pg_catalog,pg_shdescription,0,0,0,0,0,0,0,0,0,0,0,0,0,0,0,0,0,0
1416250833.92487,pg_catalog,pg_cast,0,0,3871,1129,0,0,0,0,0,0,5,1124,6,4016,,,,
1416250833.92487,pg_catalog,pg_amop,0,0,1197,1546,0,0,0,0,0,0,8,1538,14,2578,,,,
1416250833.92487,pg_catalog,pg_user_mapping,0,0,0,0,0,0,0,0,0,0,0,0,0,0,,,,
1416250833.92487,pg_toast,pg_toast_12315,0,0,0,0,0,0,0,0,0,0,0,0,0,0,,,,
1416250833.92487,pg_catalog,pg_type,0,0,2613,2552,21,0,21,0,19,21,17,2631,18,5518,,,,
1416250833.92487,pg_catalog,pg_largeobject,0,0,0,0,0,0,0,0,0,0,0,0,0,0,,,,
1416250833.92487,information_schema,sql_parts,0,0,,,0,0,0,0,0,0,0,0,,,0,0,0,0
1416250833.92487,public,region,6390,31925,12,12,5,0,0,0,5,0,2,6397,4,12,,,,
1416250833.92487,pg_catalog,pg_ts_config_map,0,0,0,0,0,0,0,0,0,0,0,0,0,0,,,,
1416250833.92487,pg_catalog,pg_largeobject_metadata,0,0,0,0,0,0,0,0,0,0,0,0,0,0,,,,
1416250833.92487,pg_catalog,pg_am,234,234,0,0,0,0,0,0,0,0,5,229,0,0,,,,
1416250833.92487,pg_catalog,pg_ts_template,0,0,0,0,0,0,0,0,0,0,0,0,0,0,,,,
1416250833.92487,pg_catalog,pg_foreign_server,0,0,0,0,0,0,0,0,0,0,0,0,0,0,,,,
1416250833.92487,pg_catalog,pg_namespace,34,2856,2547,2365,0,0,0,0,0,0,5,2428,10,2773,,,,
1416250833.92487,pg_toast,pg_toast_2619,0,0,309,878,244,0,14,0,243,14,97,748,4,585,,,,
1416250833.92487,public,partsupp,5,24000000,26473,1628542,8000000,0,0,0,8000000,0,511566,2393698,19969,63977,,,,
1416250833.92487,pg_catalog,pg_authid,21,21,378,378,0,0,0,0,0,0,3,396,12,744,,,,
1416250833.92487,pg_catalog,pg_default_acl,0,0,44,0,0,0,0,0,0,0,0,0,1,43,,,,
1416250833.92487,pg_catalog,pg_shdepend,0,0,80,11,0,0,0,0,0,0,1,10,4,98,,,,
1416250833.92487,pg_catalog,pg_constraint,0,0,16,8,8,0,8,0,8,8,4,44,8,80,0,0,0,0
1416250833.92487,information_schema,sql_implementation_info,0,0,,,0,0,0,0,0,0,0,0,,,0,0,0,0
1416250833.92487,pg_catalog,pg_index,102,8254,4150,4875,28,0,28,0,28,28,23,5056,14,4555,,,,
1416250833.92487,pg_catalog,pg_ts_dict,0,0,0,0,0,0,0,0,0,0,0,0,0,0,,,,
1416250833.92487,pg_toast,pg_toast_2604,0,0,0,0,0,0,0,0,0,0,0,0,0,0,,,,
1416250833.92487,pg_toast,pg_toast_12325,0,0,0,0,0,0,0,0,0,0,0,0,0,0,,,,
1416250833.92487,information_schema,sql_sizing,0,0,,,0,0,0,0,0,0,0,0,,,0,0,0,0
1416250833.92487,pg_catalog,pg_proc,0,0,1600,2372,0,0,0,0,0,0,65,1865,42,3402,0,0,0,0
1416250893.92706,pg_catalog,pg_attrdef,0,0,0,0,0,0,0,0,0,0,0,0,0,0,0,0,0,0
1416250893.92706,pg_catalog,pg_db_role_setting,0,0,948,0,0,0,0,0,0,0,0,0,5,943,0,0,0,0
1416250893.92706,public,nation,16,125,25582,25582,25,0,0,0,25,0,3,25586,6,25588,,,,
1416250893.92706,pg_catalog,pg_rowsecurity,0,0,0,0,0,0,0,0,0,0,0,0,0,0,,,,
1416250893.92706,pg_catalog,pg_description,0,0,69,0,0,0,0,0,0,0,0,0,3,146,0,0,0,0
1416250893.92706,pg_catalog,pg_foreign_data_wrapper,0,0,0,0,0,0,0,0,0,0,0,0,0,0,,,,
1416250893.92706,pg_catalog,pg_conversion,0,0,0,0,0,0,0,0,0,0,0,0,0,0,,,,
1416250893.92706,pg_catalog,pg_class,226,48356,8191,7914,39,1,39,1,38,25,62,10204,51,17094,,,,
1416250893.92706,pg_catalog,pg_opfamily,0,0,0,0,0,0,0,0,0,0,0,0,0,0,,,,
1416250893.92706,pg_catalog,pg_auth_members,0,0,0,0,0,0,0,0,0,0,0,0,0,0,,,,
1416250893.92706,pg_catalog,pg_operator,0,0,884,2947,0,0,0,0,0,0,53,2151,33,1973,,,,
1416250893.92706,pg_toast,pg_toast_12345,0,0,0,0,0,0,0,0,0,0,0,0,0,0,,,,
1416250893.92706,pg_catalog,pg_attribute,66,450,5852,13000,180,10,180,10,2042,11,160,7524,64,12744,,,,
1416250893.92706,pg_catalog,pg_tablespace,0,0,121,121,0,0,0,0,0,0,4,117,10,236,,,,
1416250893.92706,pg_catalog,pg_statistic,0,0,893,755,63,21,66,20,63,44,72,845,18,2037,129,788,8,633
1416250893.92706,public,lineitem,13,539874468,523902,25546060,60045669,0,0,0,60045377,0,11263942,19074065,263977,3351981,,,,
1416250893.92706,pg_catalog,pg_aggregate,0,0,53,53,0,0,0,0,0,0,4,49,8,89,,,,
1416250893.92706,pg_catalog,pg_inherits,0,0,11,0,0,0,0,0,0,0,0,0,1,10,,,,
1416250893.92706,pg_catalog,pg_enum,0,0,0,0,0,0,0,0,0,0,0,0,0,0,,,,
1416250893.92706,pg_toast,pg_toast_2396,0,0,0,0,0,0,0,0,0,0,0,0,0,0,,,,
1416250893.92706,pg_catalog,pg_pltemplate,0,0,0,0,0,0,0,0,0,0,0,0,0,0,,,,
1416250893.92706,pg_toast,pg_toast_2618,0,0,85,270,0,0,0,0,0,0,27,78,7,131,,,,
1416250893.92706,pg_toast,pg_toast_3596,0,0,0,0,0,0,0,0,0,0,0,0,0,0,,,,
1416250893.92706,pg_toast,pg_toast_2606,0,0,0,0,0,0,0,0,0,0,0,0,0,0,,,,
1416250893.92706,pg_toast,pg_toast_2964,0,0,0,0,0,0,0,0,0,0,0,0,0,0,,,,
1416250893.92706,pg_toast,pg_toast_12330,0,0,0,0,0,0,0,0,0,0,0,0,0,0,,,,
1416250893.92706,pg_catalog,pg_database,51,186,855,855,0,0,0,0,0,0,0,906,20,1306,,,,
1416250893.92706,information_schema,sql_sizing_profiles,0,0,,,0,0,0,0,0,0,0,0,,,0,0,0,0
1416250893.92706,public,time_statistics,8,43,,,10,8,0,8,10,8,3,23,,,,,,
1416250893.92706,public,supplier,9,500000,3274516,3278460,100000,0,0,0,100000,0,4491,3292005,300,6566483,,,,
1416250893.92706,pg_toast,pg_toast_2620,0,0,0,0,0,0,0,0,0,0,0,0,0,0,,,,
1416250893.92706,pg_catalog,pg_depend,0,0,547,592,99,0,99,0,90,99,26,851,25,1597,,,,
1416250893.92706,pg_catalog,pg_language,0,0,0,0,0,0,0,0,0,0,0,0,0,0,,,,
1416250893.92706,pg_toast,pg_toast_12320,0,0,0,0,0,0,0,0,0,0,0,0,0,0,,,,
1416250893.92706,pg_catalog,pg_amproc,12,24,768,1234,0,0,0,0,0,0,11,780,15,1745,,,,
1416250893.92706,public,customer,10,9000000,28,28,1500000,0,0,0,1500000,0,68533,294885,10,114,,,,
1416250893.92706,public,part,10,16000000,49,2023732,2000000,0,0,0,2000000,0,138347,409553,5674,164,,,,
1416250893.92706,pg_catalog,pg_collation,0,0,0,0,0,0,0,0,0,0,0,0,0,0,,,,
1416250893.92706,pg_catalog,pg_range,0,0,9,0,0,0,0,0,0,0,0,0,10,8,,,,
1416250893.92706,pg_toast,pg_toast_2609,0,0,0,0,0,0,0,0,0,0,0,0,0,0,,,,
1416250893.92706,pg_catalog,pg_opclass,12,12,1028,11534,0,0,0,0,0,0,11,4317,16,1347,,,,
1416250893.92706,information_schema,sql_packages,0,0,,,0,0,0,0,0,0,0,0,,,0,0,0,0
1416250893.92706,pg_catalog,pg_rewrite,0,0,123,120,1,0,1,0,0,1,25,102,8,204,27,78,14,262
1416250893.92706,pg_toast,pg_toast_1255,0,0,0,0,0,0,0,0,0,0,0,0,0,0,,,,
1416250893.92706,pg_catalog,pg_seclabel,0,0,69,0,0,0,0,0,0,0,0,0,1,68,0,0,0,0
1416250893.92706,pg_toast,pg_toast_12335,0,0,0,0,0,0,0,0,0,0,0,0,0,0,,,,
1416250893.92706,public,orders,10,60000000,3248959,3248959,15015000,0,0,0,15015000,0,1043991,4269115,43914,9856389,,,,
1416250893.92706,pg_catalog,pg_ts_parser,0,0,0,0,0,0,0,0,0,0,0,0,0,0,,,,
1416250893.92706,pg_catalog,pg_trigger,0,0,0,0,0,0,0,0,0,0,0,0,0,0,0,0,0,0
1416250893.92706,pg_toast,pg_toast_12340,0,0,0,0,0,0,0,0,0,0,0,0,0,0,,,,
1416250893.92706,pg_catalog,pg_shseclabel,0,0,0,0,0,0,0,0,0,0,0,0,0,0,,,,
1416250893.92706,pg_catalog,pg_event_trigger,0,0,49,0,0,0,0,0,0,0,0,0,1,48,,,,
1416250893.92706,information_schema,sql_features,0,0,,,0,0,0,0,0,0,0,0,,,0,0,0,0
1416250893.92706,information_schema,sql_languages,0,0,,,0,0,0,0,0,0,0,0,,,0,0,0,0
1416250893.92706,pg_catalog,pg_foreign_table,0,0,0,0,0,0,0,0,0,0,0,0,0,0,,,,
1416250893.92706,pg_catalog,pg_extension,0,0,0,0,0,0,0,0,0,0,0,0,0,0,,,,
1416250893.92706,pg_catalog,pg_ts_config,0,0,0,0,0,0,0,0,0,0,0,0,0,0,,,,
1416250893.92706,pg_catalog,pg_shdescription,0,0,0,0,0,0,0,0,0,0,0,0,0,0,0,0,0,0
1416250893.92706,pg_catalog,pg_cast,0,0,4326,1260,0,0,0,0,0,0,8,1252,8,4487,,,,
1416250893.92706,pg_catalog,pg_amop,0,0,1312,1714,0,0,0,0,0,0,12,1702,20,2824,,,,
1416250893.92706,pg_catalog,pg_user_mapping,0,0,0,0,0,0,0,0,0,0,0,0,0,0,,,,
1416250893.92706,pg_toast,pg_toast_12315,0,0,0,0,0,0,0,0,0,0,0,0,0,0,,,,
1416250893.92706,pg_catalog,pg_type,0,0,3050,2989,21,0,21,0,19,21,21,3064,26,6405,,,,
1416250893.92706,pg_catalog,pg_largeobject,0,0,0,0,0,0,0,0,0,0,0,0,0,0,,,,
1416250893.92706,information_schema,sql_parts,0,0,,,0,0,0,0,0,0,0,0,,,0,0,0,0
1416250893.92706,public,region,6390,31925,12,12,5,0,0,0,5,0,2,6397,4,12,,,,
1416250893.92706,pg_catalog,pg_ts_config_map,0,0,0,0,0,0,0,0,0,0,0,0,0,0,,,,
1416250893.92706,pg_catalog,pg_largeobject_metadata,0,0,0,0,0,0,0,0,0,0,0,0,0,0,,,,
1416250893.92706,pg_catalog,pg_am,252,252,0,0,0,0,0,0,0,0,5,247,0,0,,,,
1416250893.92706,pg_catalog,pg_ts_template,0,0,0,0,0,0,0,0,0,0,0,0,0,0,,,,
1416250893.92706,pg_catalog,pg_foreign_server,0,0,0,0,0,0,0,0,0,0,0,0,0,0,,,,
1416250893.92706,pg_catalog,pg_namespace,36,3024,2743,2543,0,0,0,0,0,0,7,2608,14,2985,,,,
1416250893.92706,pg_toast,pg_toast_2619,0,0,357,1043,244,0,14,0,243,14,129,788,8,633,,,,
1416250893.92706,public,partsupp,6,32000000,48178,1715302,8000000,0,0,0,8000000,0,639201,2461168,33937,115454,,,,
1416250893.92706,pg_catalog,pg_authid,22,22,412,412,0,0,0,0,0,0,4,430,16,808,,,,
1416250893.92706,pg_catalog,pg_default_acl,0,0,44,0,0,0,0,0,0,0,0,0,1,43,,,,
1416250893.92706,pg_catalog,pg_shdepend,0,0,80,11,0,0,0,0,0,0,1,10,4,98,,,,
1416250893.92706,pg_catalog,pg_constraint,0,0,16,8,8,0,8,0,8,8,4,44,8,80,0,0,0,0
1416250893.92706,information_schema,sql_implementation_info,0,0,,,0,0,0,0,0,0,0,0,,,0,0,0,0
1416250893.92706,pg_catalog,pg_index,106,8826,4436,5224,28,0,28,0,28,28,29,5412,16,4867,,,,
1416250893.92706,pg_catalog,pg_ts_dict,0,0,0,0,0,0,0,0,0,0,0,0,0,0,,,,
1416250893.92706,pg_toast,pg_toast_2604,0,0,0,0,0,0,0,0,0,0,0,0,0,0,,,,
1416250893.92706,pg_toast,pg_toast_12325,0,0,0,0,0,0,0,0,0,0,0,0,0,0,,,,
1416250893.92706,information_schema,sql_sizing,0,0,,,0,0,0,0,0,0,0,0,,,0,0,0,0
1416250893.92706,pg_catalog,pg_proc,0,0,1777,2632,0,0,0,0,0,0,88,2047,59,3775,0,0,0,0
1416250953.93049,pg_catalog,pg_attrdef,0,0,0,0,0,0,0,0,0,0,0,0,0,0,0,0,0,0
1416250953.93049,pg_catalog,pg_db_role_setting,0,0,1000,0,0,0,0,0,0,0,0,0,5,995,0,0,0,0
1416250953.93049,public,nation,18,175,25588,25588,25,0,0,0,25,0,4,25593,8,25593,,,,
1416250953.93049,pg_catalog,pg_rowsecurity,0,0,0,0,0,0,0,0,0,0,0,0,0,0,,,,
1416250953.93049,pg_catalog,pg_description,0,0,69,0,0,0,0,0,0,0,0,0,3,146,0,0,0,0
1416250953.93049,pg_catalog,pg_foreign_data_wrapper,0,0,0,0,0,0,0,0,0,0,0,0,0,0,,,,
1416250953.93049,pg_catalog,pg_conversion,0,0,0,0,0,0,0,0,0,0,0,0,0,0,,,,
1416250953.93049,pg_catalog,pg_class,236,51406,8639,8348,39,1,39,1,38,25,63,10758,54,18011,,,,
1416250953.93049,pg_catalog,pg_opfamily,0,0,0,0,0,0,0,0,0,0,0,0,0,0,,,,
1416250953.93049,pg_catalog,pg_auth_members,0,0,0,0,0,0,0,0,0,0,0,0,0,0,,,,
1416250953.93049,pg_catalog,pg_operator,0,0,942,3280,0,0,0,0,0,0,53,2379,33,2105,,,,
1416250953.93049,pg_toast,pg_toast_12345,0,0,0,0,0,0,0,0,0,0,0,0,0,0,,,,
1416250953.93049,pg_catalog,pg_attribute,66,450,6133,13515,180,10,180,10,2042,11,162,7814,64,13316,,,,
1416250953.93049,pg_catalog,pg_tablespace,0,0,130,130,0,0,0,0,0,0,4,126,10,254,,,,
1416250953.93049,pg_catalog,pg_statistic,0,0,952,804,63,21,66,20,63,44,80,886,18,2163,139,812,8,661
1416250953.93049,public,lineitem,15,659965806,537316,25948343,60045669,0,0,0,60045377,0,11870633,21002597,279391,3392264,,,,
1416250953.93049,pg_catalog,pg_aggregate,0,0,56,56,0,0,0,0,0,0,4,52,8,95,,,,
1416250953.93049,pg_catalog,pg_inherits,0,0,11,0,0,0,0,0,0,0,0,0,1,10,,,,
1416250953.93049,pg_catalog,pg_enum,0,0,0,0,0,0,0,0,0,0,0,0,0,0,,,,
1416250953.93049,pg_toast,pg_toast_2396,0,0,0,0,0,0,0,0,0,0,0,0,0,0,,,,
1416250953.93049,pg_catalog,pg_pltemplate,0,0,0,0,0,0,0,0,0,0,0,0,0,0,,,,
1416250953.93049,pg_toast,pg_toast_2618,0,0,89,284,0,0,0,0,0,0,31,79,7,137,,,,
1416250953.93049,pg_toast,pg_toast_3596,0,0,0,0,0,0,0,0,0,0,0,0,0,0,,,,
1416250953.93049,pg_toast,pg_toast_2606,0,0,0,0,0,0,0,0,0,0,0,0,0,0,,,,
1416250953.93049,pg_toast,pg_toast_2964,0,0,0,0,0,0,0,0,0,0,0,0,0,0,,,,
1416250953.93049,pg_toast,pg_toast_12330,0,0,0,0,0,0,0,0,0,0,0,0,0,0,,,,
1416250953.93049,pg_catalog,pg_database,54,198,902,902,0,0,0,0,0,0,0,956,20,1379,,,,
1416250953.93049,information_schema,sql_sizing_profiles,0,0,,,0,0,0,0,0,0,0,0,,,0,0,0,0
1416250953.93049,public,time_statistics,10,64,,,12,10,0,10,12,10,3,29,,,,,,
1416250953.93049,public,supplier,9,500000,3298875,3302819,100000,0,0,0,100000,0,6559,3314296,578,6615052,,,,
1416250953.93049,pg_toast,pg_toast_2620,0,0,0,0,0,0,0,0,0,0,0,0,0,0,,,,
1416250953.93049,pg_catalog,pg_depend,0,0,547,592,99,0,99,0,90,99,26,851,25,1597,,,,
1416250953.93049,pg_catalog,pg_language,0,0,0,0,0,0,0,0,0,0,0,0,0,0,,,,
1416250953.93049,pg_toast,pg_toast_12320,0,0,0,0,0,0,0,0,0,0,0,0,0,0,,,,
1416250953.93049,pg_catalog,pg_amproc,12,24,807,1293,0,0,0,0,0,0,11,819,15,1833,,,,
1416250953.93049,public,customer,11,10500000,41,300306,1500000,0,0,0,1500000,0,103811,440293,850,143,,,,
1416250953.93049,public,part,10,16000000,54,2037138,2000000,0,0,0,2000000,0,149800,409563,5743,181,,,,
1416250953.93049,pg_catalog,pg_collation,0,0,0,0,0,0,0,0,0,0,0,0,0,0,,,,
1416250953.93049,pg_catalog,pg_range,0,0,12,0,0,0,0,0,0,0,0,0,10,14,,,,
1416250953.93049,pg_toast,pg_toast_2609,0,0,0,0,0,0,0,0,0,0,0,0,0,0,,,,
1416250953.93049,pg_catalog,pg_opclass,12,12,1078,12156,0,0,0,0,0,0,11,4559,16,1412,,,,
1416250953.93049,information_schema,sql_packages,0,0,,,0,0,0,0,0,0,0,0,,,0,0,0,0
1416250953.93049,pg_catalog,pg_rewrite,0,0,129,126,1,0,1,0,0,1,29,104,8,214,31,79,14,274
1416250953.93049,pg_toast,pg_toast_1255,0,0,0,0,0,0,0,0,0,0,0,0,0,0,,,,
1416250953.93049,pg_catalog,pg_seclabel,0,0,69,0,0,0,0,0,0,0,0,0,1,68,0,0,0,0
1416250953.93049,pg_toast,pg_toast_12335,0,0,0,0,0,0,0,0,0,0,0,0,0,0,,,,
1416250953.93049,public,orders,11,75015000,3651238,3371330,15015000,0,0,0,15015000,0,1302238,4386761,85121,11023440,,,,
1416250953.93049,pg_catalog,pg_ts_parser,0,0,0,0,0,0,0,0,0,0,0,0,0,0,,,,
1416250953.93049,pg_catalog,pg_trigger,0,0,0,0,0,0,0,0,0,0,0,0,0,0,0,0,0,0
1416250953.93049,pg_toast,pg_toast_12340,0,0,0,0,0,0,0,0,0,0,0,0,0,0,,,,
1416250953.93049,pg_catalog,pg_shseclabel,0,0,0,0,0,0,0,0,0,0,0,0,0,0,,,,
1416250953.93049,pg_catalog,pg_event_trigger,0,0,49,0,0,0,0,0,0,0,0,0,1,48,,,,
1416250953.93049,information_schema,sql_features,0,0,,,0,0,0,0,0,0,0,0,,,0,0,0,0
1416250953.93049,information_schema,sql_languages,0,0,,,0,0,0,0,0,0,0,0,,,0,0,0,0
1416250953.93049,pg_catalog,pg_foreign_table,0,0,0,0,0,0,0,0,0,0,0,0,0,0,,,,
1416250953.93049,pg_catalog,pg_extension,0,0,0,0,0,0,0,0,0,0,0,0,0,0,,,,
1416250953.93049,pg_catalog,pg_ts_config,0,0,0,0,0,0,0,0,0,0,0,0,0,0,,,,
1416250953.93049,pg_catalog,pg_shdescription,0,0,0,0,0,0,0,0,0,0,0,0,0,0,0,0,0,0
1416250953.93049,pg_catalog,pg_cast,0,0,4681,1334,0,0,0,0,0,0,8,1326,8,4852,,,,
1416250953.93049,pg_catalog,pg_amop,0,0,1393,1831,0,0,0,0,0,0,12,1819,20,2998,,,,
1416250953.93049,pg_catalog,pg_user_mapping,0,0,0,0,0,0,0,0,0,0,0,0,0,0,,,,
1416250953.93049,pg_toast,pg_toast_12315,0,0,0,0,0,0,0,0,0,0,0,0,0,0,,,,
1416250953.93049,pg_catalog,pg_type,0,0,3314,3253,21,0,21,0,19,21,21,3328,30,6940,,,,
1416250953.93049,pg_catalog,pg_largeobject,0,0,0,0,0,0,0,0,0,0,0,0,0,0,,,,
1416250953.93049,information_schema,sql_parts,0,0,,,0,0,0,0,0,0,0,0,,,0,0,0,0
1416250953.93049,public,region,6391,31930,14,14,5,0,0,0,5,0,3,6399,6,13,,,,
1416250953.93049,pg_catalog,pg_ts_config_map,0,0,0,0,0,0,0,0,0,0,0,0,0,0,,,,
1416250953.93049,pg_catalog,pg_largeobject_metadata,0,0,0,0,0,0,0,0,0,0,0,0,0,0,,,,
1416250953.93049,pg_catalog,pg_am,262,262,0,0,0,0,0,0,0,0,5,257,0,0,,,,
1416250953.93049,pg_catalog,pg_ts_template,0,0,0,0,0,0,0,0,0,0,0,0,0,0,,,,
1416250953.93049,pg_catalog,pg_foreign_server,0,0,0,0,0,0,0,0,0,0,0,0,0,0,,,,
1416250953.93049,pg_catalog,pg_namespace,38,3192,2915,2705,0,0,0,0,0,0,8,2773,15,3168,,,,
1416250953.93049,pg_toast,pg_toast_2619,0,0,383,1122,244,0,14,0,243,14,139,812,8,661,,,,
1416250953.93049,public,partsupp,6,32000000,48178,1715302,8000000,0,0,0,8000000,0,639201,2461168,33937,115454,,,,
1416250953.93049,pg_catalog,pg_authid,23,23,434,434,0,0,0,0,0,0,4,453,16,852,,,,
1416250953.93049,pg_catalog,pg_default_acl,0,0,44,0,0,0,0,0,0,0,0,0,1,43,,,,
1416250953.93049,pg_catalog,pg_shdepend,0,0,80,11,0,0,0,0,0,0,1,10,4,98,,,,
1416250953.93049,pg_catalog,pg_constraint,0,0,16,8,8,0,8,0,8,8,4,44,8,80,0,0,0,0
1416250953.93049,information_schema,sql_implementation_info,0,0,,,0,0,0,0,0,0,0,0,,,0,0,0,0
1416250953.93049,pg_catalog,pg_index,110,9398,4674,5505,28,0,28,0,28,28,29,5710,16,5121,,,,
1416250953.93049,pg_catalog,pg_ts_dict,0,0,0,0,0,0,0,0,0,0,0,0,0,0,,,,
1416250953.93049,pg_toast,pg_toast_2604,0,0,0,0,0,0,0,0,0,0,0,0,0,0,,,,
1416250953.93049,pg_toast,pg_toast_12325,0,0,0,0,0,0,0,0,0,0,0,0,0,0,,,,
1416250953.93049,information_schema,sql_sizing,0,0,,,0,0,0,0,0,0,0,0,,,0,0,0,0
1416250953.93049,pg_catalog,pg_proc,0,0,1899,2803,0,0,0,0,0,0,94,2183,59,4039,0,0,0,0
1416251013.93242,pg_catalog,pg_attrdef,0,0,0,0,0,0,0,0,0,0,0,0,0,0,0,0,0,0
1416251013.93242,pg_catalog,pg_db_role_setting,0,0,1052,0,0,0,0,0,0,0,0,0,5,1047,0,0,0,0
1416251013.93242,public,nation,19,200,25590,25590,25,0,0,0,25,0,4,25596,8,25596,,,,
1416251013.93242,pg_catalog,pg_rowsecurity,0,0,0,0,0,0,0,0,0,0,0,0,0,0,,,,
1416251013.93242,pg_catalog,pg_description,0,0,69,0,0,0,0,0,0,0,0,0,3,146,0,0,0,0
1416251013.93242,pg_catalog,pg_foreign_data_wrapper,0,0,0,0,0,0,0,0,0,0,0,0,0,0,,,,
1416251013.93242,pg_catalog,pg_conversion,0,0,0,0,0,0,0,0,0,0,0,0,0,0,,,,
1416251013.93242,pg_catalog,pg_class,246,54456,9076,8775,39,1,39,1,38,25,64,11305,56,18913,,,,
1416251013.93242,pg_catalog,pg_opfamily,0,0,0,0,0,0,0,0,0,0,0,0,0,0,,,,
1416251013.93242,pg_catalog,pg_auth_members,0,0,0,0,0,0,0,0,0,0,0,0,0,0,,,,
1416251013.93242,pg_catalog,pg_operator,0,0,988,3448,0,0,0,0,0,0,53,2497,33,2214,,,,
1416251013.93242,pg_toast,pg_toast_12345,0,0,0,0,0,0,0,0,0,0,0,0,0,0,,,,
1416251013.93242,pg_catalog,pg_attribute,66,450,6422,14046,180,10,180,10,2042,11,163,8117,64,13912,,,,
1416251013.93242,pg_catalog,pg_tablespace,0,0,139,139,0,0,0,0,0,0,4,135,10,272,,,,
1416251013.93242,pg_catalog,pg_statistic,0,0,1006,844,63,21,66,20,63,44,88,918,18,2281,151,825,9,679
1416251013.93242,public,lineitem,15,659965806,1972679,65707157,60045669,0,0,0,60045377,0,12663630,22814533,546328,8975767,,,,
1416251013.93242,pg_catalog,pg_aggregate,0,0,60,60,0,0,0,0,0,0,4,56,8,102,,,,
1416251013.93242,pg_catalog,pg_inherits,0,0,11,0,0,0,0,0,0,0,0,0,1,10,,,,
1416251013.93242,pg_catalog,pg_enum,0,0,0,0,0,0,0,0,0,0,0,0,0,0,,,,
1416251013.93242,pg_toast,pg_toast_2396,0,0,0,0,0,0,0,0,0,0,0,0,0,0,,,,
1416251013.93242,pg_catalog,pg_pltemplate,0,0,0,0,0,0,0,0,0,0,0,0,0,0,,,,
1416251013.93242,pg_toast,pg_toast_2618,0,0,95,302,0,0,0,0,0,0,37,80,8,146,,,,
1416251013.93242,pg_toast,pg_toast_3596,0,0,0,0,0,0,0,0,0,0,0,0,0,0,,,,
1416251013.93242,pg_toast,pg_toast_2606,0,0,0,0,0,0,0,0,0,0,0,0,0,0,,,,
1416251013.93242,pg_toast,pg_toast_2964,0,0,0,0,0,0,0,0,0,0,0,0,0,0,,,,
1416251013.93242,pg_toast,pg_toast_12330,0,0,0,0,0,0,0,0,0,0,0,0,0,0,,,,
1416251013.93242,pg_catalog,pg_database,57,210,949,949,0,0,0,0,0,0,0,1006,20,1452,,,,
1416251013.93242,information_schema,sql_sizing_profiles,0,0,,,0,0,0,0,0,0,0,0,,,0,0,0,0
1416251013.93242,public,time_statistics,12,89,,,14,12,0,12,14,12,3,35,,,,,,
1416251013.93242,public,supplier,9,500000,3298880,3306810,100000,0,0,0,100000,0,6559,3316145,591,6615063,,,,
1416251013.93242,pg_toast,pg_toast_2620,0,0,0,0,0,0,0,0,0,0,0,0,0,0,,,,
1416251013.93242,pg_catalog,pg_depend,0,0,547,592,99,0,99,0,90,99,26,851,25,1597,,,,
1416251013.93242,pg_catalog,pg_language,0,0,0,0,0,0,0,0,0,0,0,0,0,0,,,,
1416251013.93242,pg_toast,pg_toast_12320,0,0,0,0,0,0,0,0,0,0,0,0,0,0,,,,
1416251013.93242,pg_catalog,pg_amproc,12,24,851,1361,0,0,0,0,0,0,11,862,15,1935,,,,
1416251013.93242,public,customer,12,12000000,43,300308,1500000,0,0,0,1500000,0,126119,453265,859,145,,,,
1416251013.93242,public,part,10,16000000,54,2037138,2000000,0,0,0,2000000,0,149800,409563,5743,181,,,,
1416251013.93242,pg_catalog,pg_collation,0,0,0,0,0,0,0,0,0,0,0,0,0,0,,,,
1416251013.93242,pg_catalog,pg_range,0,0,14,0,0,0,0,0,0,0,0,0,12,16,,,,
1416251013.93242,pg_toast,pg_toast_2609,0,0,0,0,0,0,0,0,0,0,0,0,0,0,,,,
1416251013.93242,pg_catalog,pg_opclass,12,12,1129,12698,0,0,0,0,0,0,11,4774,16,1482,,,,
1416251013.93242,information_schema,sql_packages,0,0,,,0,0,0,0,0,0,0,0,,,0,0,0,0
1416251013.93242,pg_catalog,pg_rewrite,0,0,137,134,1,0,1,0,0,1,34,107,8,228,37,80,16,292
1416251013.93242,pg_toast,pg_toast_1255,0,0,0,0,0,0,0,0,0,0,0,0,0,0,,,,
1416251013.93242,pg_catalog,pg_seclabel,0,0,69,0,0,0,0,0,0,0,0,0,1,68,0,0,0,0
1416251013.93242,pg_toast,pg_toast_12335,0,0,0,0,0,0,0,0,0,0,0,0,0,0,,,,
1416251013.93242,public,orders,12,90030000,5165344,4885436,15015000,0,0,0,15015000,0,1504725,5951902,85160,15574110,,,,
1416251013.93242,pg_catalog,pg_ts_parser,0,0,0,0,0,0,0,0,0,0,0,0,0,0,,,,
1416251013.93242,pg_catalog,pg_trigger,0,0,0,0,0,0,0,0,0,0,0,0,0,0,0,0,0,0
1416251013.93242,pg_toast,pg_toast_12340,0,0,0,0,0,0,0,0,0,0,0,0,0,0,,,,
1416251013.93242,pg_catalog,pg_shseclabel,0,0,0,0,0,0,0,0,0,0,0,0,0,0,,,,
1416251013.93242,pg_catalog,pg_event_trigger,0,0,49,0,0,0,0,0,0,0,0,0,1,48,,,,
1416251013.93242,information_schema,sql_features,0,0,,,0,0,0,0,0,0,0,0,,,0,0,0,0
1416251013.93242,information_schema,sql_languages,0,0,,,0,0,0,0,0,0,0,0,,,0,0,0,0
1416251013.93242,pg_catalog,pg_foreign_table,0,0,0,0,0,0,0,0,0,0,0,0,0,0,,,,
1416251013.93242,pg_catalog,pg_extension,0,0,0,0,0,0,0,0,0,0,0,0,0,0,,,,
1416251013.93242,pg_catalog,pg_ts_config,0,0,0,0,0,0,0,0,0,0,0,0,0,0,,,,
1416251013.93242,pg_catalog,pg_shdescription,0,0,0,0,0,0,0,0,0,0,0,0,0,0,0,0,0,0
1416251013.93242,pg_catalog,pg_cast,0,0,4911,1402,0,0,0,0,0,0,8,1394,8,5094,,,,
1416251013.93242,pg_catalog,pg_amop,0,0,1475,1946,0,0,0,0,0,0,12,1934,20,3178,,,,
1416251013.93242,pg_catalog,pg_user_mapping,0,0,0,0,0,0,0,0,0,0,0,0,0,0,,,,
1416251013.93242,pg_toast,pg_toast_12315,0,0,0,0,0,0,0,0,0,0,0,0,0,0,,,,
1416251013.93242,pg_catalog,pg_type,0,0,3541,3478,21,0,21,0,19,21,21,3553,33,7404,,,,
1416251013.93242,pg_catalog,pg_largeobject,0,0,0,0,0,0,0,0,0,0,0,0,0,0,,,,
1416251013.93242,information_schema,sql_parts,0,0,,,0,0,0,0,0,0,0,0,,,0,0,0,0
1416251013.93242,public,region,6391,31930,14,14,5,0,0,0,5,0,3,6399,6,13,,,,
1416251013.93242,pg_catalog,pg_ts_config_map,0,0,0,0,0,0,0,0,0,0,0,0,0,0,,,,
1416251013.93242,pg_catalog,pg_largeobject_metadata,0,0,0,0,0,0,0,0,0,0,0,0,0,0,,,,
1416251013.93242,pg_catalog,pg_am,276,276,0,0,0,0,0,0,0,0,5,271,0,0,,,,
1416251013.93242,pg_catalog,pg_ts_template,0,0,0,0,0,0,0,0,0,0,0,0,0,0,,,,
1416251013.93242,pg_catalog,pg_foreign_server,0,0,0,0,0,0,0,0,0,0,0,0,0,0,,,,
1416251013.93242,pg_catalog,pg_namespace,40,3360,3092,2870,0,0,0,0,0,0,9,2941,16,3358,,,,
1416251013.93242,pg_toast,pg_toast_2619,0,0,400,1180,244,0,14,0,243,14,151,825,9,679,,,,
1416251013.93242,public,partsupp,6,32000000,48178,1715302,8000000,0,0,0,8000000,0,639201,2461168,33937,115454,,,,
1416251013.93242,pg_catalog,pg_authid,24,24,456,456,0,0,0,0,0,0,4,476,16,896,,,,
1416251013.93242,pg_catalog,pg_default_acl,0,0,44,0,0,0,0,0,0,0,0,0,1,43,,,,
1416251013.93242,pg_catalog,pg_shdepend,0,0,80,11,0,0,0,0,0,0,1,10,4,98,,,,
1416251013.93242,pg_catalog,pg_constraint,0,0,16,8,8,0,8,0,8,8,4,44,8,80,0,0,0,0
1416251013.93242,information_schema,sql_implementation_info,0,0,,,0,0,0,0,0,0,0,0,,,0,0,0,0
1416251013.93242,pg_catalog,pg_index,114,9970,4903,5766,28,0,28,0,28,28,29,5984,16,5372,,,,
1416251013.93242,pg_catalog,pg_ts_dict,0,0,0,0,0,0,0,0,0,0,0,0,0,0,,,,
1416251013.93242,pg_toast,pg_toast_2604,0,0,0,0,0,0,0,0,0,0,0,0,0,0,,,,
1416251013.93242,pg_toast,pg_toast_12325,0,0,0,0,0,0,0,0,0,0,0,0,0,0,,,,
1416251013.93242,information_schema,sql_sizing,0,0,,,0,0,0,0,0,0,0,0,,,0,0,0,0
1416251013.93242,pg_catalog,pg_proc,0,0,2020,2968,0,0,0,0,0,0,104,2318,61,4303,0,0,0,0
1416251073.93447,pg_catalog,pg_attrdef,0,0,0,0,0,0,0,0,0,0,0,0,0,0,0,0,0,0
1416251073.93447,pg_catalog,pg_db_role_setting,0,0,1152,0,0,0,0,0,0,0,0,0,5,1147,0,0,0,0
1416251073.93447,public,nation,21,250,25594,25594,25,0,0,0,25,0,5,25601,10,25599,,,,
1416251073.93447,pg_catalog,pg_rowsecurity,0,0,0,0,0,0,0,0,0,0,0,0,0,0,,,,
1416251073.93447,pg_catalog,pg_description,0,0,73,0,0,0,0,0,0,0,0,0,6,152,0,0,0,0
1416251073.93447,pg_catalog,pg_foreign_data_wrapper,0,0,0,0,0,0,0,0,0,0,0,0,0,0,,,,
1416251073.93447,pg_catalog,pg_conversion,0,0,0,0,0,0,0,0,0,0,0,0,0,0,,,,
1416251073.93447,pg_catalog,pg_class,256,57506,9657,9326,40,2,40,2,38,27,66,11980,59,20128,,,,
1416251073.93447,pg_catalog,pg_opfamily,0,0,0,0,0,0,0,0,0,0,0,0,0,0,,,,
1416251073.93447,pg_catalog,pg_auth_members,0,0,0,0,0,0,0,0,0,0,0,0,0,0,,,,
1416251073.93447,pg_catalog,pg_operator,0,0,1107,4093,0,0,0,0,0,0,53,2938,34,2483,,,,
1416251073.93447,pg_toast,pg_toast_12345,0,0,0,0,0,0,0,0,0,0,0,0,0,0,,,,
1416251073.93447,pg_catalog,pg_attribute,66,450,6815,14833,182,10,182,10,2042,13,178,8527,67,14727,,,,
1416251073.93447,pg_catalog,pg_tablespace,0,0,156,156,0,0,0,0,0,0,4,152,10,306,,,,
1416251073.93447,pg_catalog,pg_statistic,0,0,1096,911,63,21,66,20,63,44,97,976,18,2477,191,861,9,734
1416251073.93447,public,lineitem,16,720011475,2546934,70728121,60045669,0,0,0,60045377,0,14615961,23760925,661961,11171010,,,,
1416251073.93447,pg_catalog,pg_aggregate,0,0,70,70,0,0,0,0,0,0,4,66,8,119,,,,
1416251073.93447,pg_catalog,pg_inherits,0,0,12,0,0,0,0,0,0,0,0,0,2,10,,,,
1416251073.93447,pg_catalog,pg_enum,0,0,0,0,0,0,0,0,0,0,0,0,0,0,,,,
1416251073.93447,pg_toast,pg_toast_2396,0,0,0,0,0,0,0,0,0,0,0,0,0,0,,,,
1416251073.93447,pg_catalog,pg_pltemplate,0,0,0,0,0,0,0,0,0,0,0,0,0,0,,,,
1416251073.93447,pg_toast,pg_toast_2618,0,0,99,316,0,0,0,0,0,0,40,82,8,152,,,,
1416251073.93447,pg_toast,pg_toast_3596,0,0,0,0,0,0,0,0,0,0,0,0,0,0,,,,
1416251073.93447,pg_toast,pg_toast_2606,0,0,0,0,0,0,0,0,0,0,0,0,0,0,,,,
1416251073.93447,pg_toast,pg_toast_2964,0,0,0,0,0,0,0,0,0,0,0,0,0,0,,,,
1416251073.93447,pg_toast,pg_toast_12330,0,0,0,0,0,0,0,0,0,0,0,0,0,0,,,,
1416251073.93447,pg_catalog,pg_database,60,222,1032,1032,0,0,0,0,0,0,0,1092,20,1585,,,,
1416251073.93447,information_schema,sql_sizing_profiles,0,0,,,0,0,0,0,0,0,0,0,,,0,0,0,0
1416251073.93447,public,time_statistics,18,188,,,20,18,0,18,20,18,3,53,,,,,,
1416251073.93447,public,supplier,9,500000,3298892,3367816,100000,0,0,0,100000,0,9217,3318535,758,6615094,,,,
1416251073.93447,pg_toast,pg_toast_2620,0,0,0,0,0,0,0,0,0,0,0,0,0,0,,,,
1416251073.93447,pg_catalog,pg_depend,0,0,591,644,108,0,108,0,90,108,40,898,46,1702,,,,
1416251073.93447,pg_catalog,pg_language,0,0,0,0,0,0,0,0,0,0,0,0,0,0,,,,
1416251073.93447,pg_toast,pg_toast_12320,0,0,0,0,0,0,0,0,0,0,0,0,0,0,,,,
1416251073.93447,pg_catalog,pg_amproc,12,24,933,1484,0,0,0,0,0,0,11,942,15,2122,,,,
1416251073.93447,public,customer,12,12000000,64,1174099,1500000,0,0,0,1500000,0,126119,558999,3610,185,,,,
1416251073.93447,public,part,10,16000000,64,2357090,2000000,0,0,0,2000000,0,190317,409565,6643,191,,,,
1416251073.93447,pg_catalog,pg_collation,0,0,0,0,0,0,0,0,0,0,0,0,0,0,,,,
1416251073.93447,pg_catalog,pg_range,0,0,20,0,0,0,0,0,0,0,0,0,12,28,,,,
1416251073.93447,pg_toast,pg_toast_2609,0,0,0,0,0,0,0,0,0,0,0,0,0,0,,,,
1416251073.93447,pg_catalog,pg_opclass,12,12,1233,13941,0,0,0,0,0,0,11,5266,16,1618,,,,
1416251073.93447,information_schema,sql_packages,0,0,,,0,0,0,0,0,0,0,0,,,0,0,0,0
1416251073.93447,pg_catalog,pg_rewrite,0,0,149,143,2,0,2,0,0,2,41,115,10,246,40,82,16,304
1416251073.93447,pg_toast,pg_toast_1255,0,0,0,0,0,0,0,0,0,0,0,0,0,0,,,,
1416251073.93447,pg_catalog,pg_seclabel,0,0,73,0,0,0,0,0,0,0,0,0,2,71,0,0,0,0
1416251073.93447,pg_toast,pg_toast_12335,0,0,0,0,0,0,0,0,0,0,0,0,0,0,,,,
1416251073.93447,public,orders,14,120060000,5165349,5459689,15015000,0,0,0,15015000,0,1504725,6687127,86731,15574131,,,,
1416251073.93447,pg_catalog,pg_ts_parser,0,0,0,0,0,0,0,0,0,0,0,0,0,0,,,,
1416251073.93447,pg_catalog,pg_trigger,0,0,0,0,0,0,0,0,0,0,0,0,0,0,0,0,0,0
1416251073.93447,pg_toast,pg_toast_12340,0,0,0,0,0,0,0,0,0,0,0,0,0,0,,,,
1416251073.93447,pg_catalog,pg_shseclabel,0,0,0,0,0,0,0,0,0,0,0,0,0,0,,,,
1416251073.93447,pg_catalog,pg_event_trigger,0,0,50,0,0,0,0,0,0,0,0,0,2,48,,,,
1416251073.93447,information_schema,sql_features,0,0,,,0,0,0,0,0,0,0,0,,,0,0,0,0
1416251073.93447,information_schema,sql_languages,0,0,,,0,0,0,0,0,0,0,0,,,0,0,0,0
1416251073.93447,pg_catalog,pg_foreign_table,0,0,0,0,0,0,0,0,0,0,0,0,0,0,,,,
1416251073.93447,pg_catalog,pg_extension,0,0,0,0,0,0,0,0,0,0,0,0,0,0,,,,
1416251073.93447,pg_catalog,pg_ts_config,0,0,0,0,0,0,0,0,0,0,0,0,0,0,,,,
1416251073.93447,pg_catalog,pg_shdescription,0,0,0,0,0,0,0,0,0,0,0,0,0,0,0,0,0,0
1416251073.93447,pg_catalog,pg_cast,0,0,5559,1547,0,0,0,0,0,0,8,1539,8,5764,,,,
1416251073.93447,pg_catalog,pg_amop,0,0,1624,2167,0,0,0,0,0,0,12,2155,21,3499,,,,
1416251073.93447,pg_catalog,pg_user_mapping,0,0,0,0,0,0,0,0,0,0,0,0,0,0,,,,
1416251073.93447,pg_toast,pg_toast_12315,0,0,0,0,0,0,0,0,0,0,0,0,0,0,,,,
1416251073.93447,pg_catalog,pg_type,0,0,4051,3981,23,0,23,0,19,23,25,4061,36,8455,,,,
1416251073.93447,pg_catalog,pg_largeobject,0,0,0,0,0,0,0,0,0,0,0,0,0,0,,,,
1416251073.93447,information_schema,sql_parts,0,0,,,0,0,0,0,0,0,0,0,,,0,0,0,0
1416251073.93447,public,region,6391,31930,14,14,5,0,0,0,5,0,3,6399,6,13,,,,
1416251073.93447,pg_catalog,pg_ts_config_map,0,0,0,0,0,0,0,0,0,0,0,0,0,0,,,,
1416251073.93447,pg_catalog,pg_largeobject_metadata,0,0,0,0,0,0,0,0,0,0,0,0,0,0,,,,
1416251073.93447,pg_catalog,pg_am,299,299,0,0,0,0,0,0,0,0,5,294,0,0,,,,
1416251073.93447,pg_catalog,pg_ts_template,0,0,0,0,0,0,0,0,0,0,0,0,0,0,,,,
1416251073.93447,pg_catalog,pg_foreign_server,0,0,0,0,0,0,0,0,0,0,0,0,0,0,,,,
1416251073.93447,pg_catalog,pg_namespace,42,3528,3298,3054,0,0,0,0,0,0,9,3129,17,3588,,,,
1416251073.93447,pg_toast,pg_toast_2619,0,0,449,1353,244,0,14,0,243,14,191,861,9,734,,,,
1416251073.93447,public,partsupp,7,40000000,56170,2353872,8000000,0,0,0,8000000,0,853896,3056001,38468,136661,,,,
1416251073.93447,pg_catalog,pg_authid,25,25,502,502,0,0,0,0,0,0,4,523,16,988,,,,
1416251073.93447,pg_catalog,pg_default_acl,0,0,48,0,0,0,0,0,0,0,0,0,2,46,,,,
1416251073.93447,pg_catalog,pg_shdepend,0,0,85,12,0,0,0,0,0,0,2,10,8,101,,,,
1416251073.93447,pg_catalog,pg_constraint,0,0,16,8,8,0,8,0,8,8,4,44,8,80,0,0,0,0
1416251073.93447,information_schema,sql_implementation_info,0,0,,,0,0,0,0,0,0,0,0,,,0,0,0,0
1416251073.93447,pg_catalog,pg_index,118,10542,5205,6132,28,0,28,0,28,28,29,6362,16,5707,,,,
1416251073.93447,pg_catalog,pg_ts_dict,0,0,0,0,0,0,0,0,0,0,0,0,0,0,,,,
1416251073.93447,pg_toast,pg_toast_2604,0,0,0,0,0,0,0,0,0,0,0,0,0,0,,,,
1416251073.93447,pg_toast,pg_toast_12325,0,0,0,0,0,0,0,0,0,0,0,0,0,0,,,,
1416251073.93447,information_schema,sql_sizing,0,0,,,0,0,0,0,0,0,0,0,,,0,0,0,0
1416251073.93447,pg_catalog,pg_proc,0,0,2216,3252,0,0,0,0,0,0,112,2526,64,4736,0,0,0,0
1416251133.93669,pg_catalog,pg_attrdef,0,0,0,0,0,0,0,0,0,0,0,0,0,0,0,0,0,0
1416251133.93669,pg_catalog,pg_db_role_setting,0,0,1180,0,0,0,0,0,0,0,0,0,5,1175,0,0,0,0
1416251133.93669,public,nation,21,250,25594,25594,25,0,0,0,25,0,5,25601,10,25599,,,,
1416251133.93669,pg_catalog,pg_rowsecurity,0,0,0,0,0,0,0,0,0,0,0,0,0,0,,,,
1416251133.93669,pg_catalog,pg_description,0,0,73,0,0,0,0,0,0,0,0,0,6,152,0,0,0,0
1416251133.93669,pg_catalog,pg_foreign_data_wrapper,0,0,0,0,0,0,0,0,0,0,0,0,0,0,,,,
1416251133.93669,pg_catalog,pg_conversion,0,0,0,0,0,0,0,0,0,0,0,0,0,0,,,,
1416251133.93669,pg_catalog,pg_class,266,60556,10003,9672,40,2,40,2,38,27,67,12446,62,20833,,,,
1416251133.93669,pg_catalog,pg_opfamily,0,0,0,0,0,0,0,0,0,0,0,0,0,0,,,,
1416251133.93669,pg_catalog,pg_auth_members,0,0,0,0,0,0,0,0,0,0,0,0,0,0,,,,
1416251133.93669,pg_catalog,pg_operator,0,0,1124,4110,0,0,0,0,0,0,53,2955,34,2525,,,,
1416251133.93669,pg_toast,pg_toast_12345,0,0,0,0,0,0,0,0,0,0,0,0,0,0,,,,
1416251133.93669,pg_catalog,pg_attribute,66,450,7017,15161,182,10,182,10,2042,13,188,8727,69,15138,,,,
1416251133.93669,pg_catalog,pg_tablespace,0,0,161,161,0,0,0,0,0,0,4,157,10,316,,,,
1416251133.93669,pg_catalog,pg_statistic,0,0,1121,930,63,21,66,20,63,44,103,989,20,2530,191,861,9,734
1416251133.93669,public,lineitem,16,720011475,2546934,70728121,60045669,0,0,0,60045377,0,14615961,23760925,661961,11171010,,,,
1416251133.93669,pg_catalog,pg_aggregate,0,0,71,71,0,0,0,0,0,0,4,67,8,121,,,,
1416251133.93669,pg_catalog,pg_inherits,0,0,12,0,0,0,0,0,0,0,0,0,2,10,,,,
1416251133.93669,pg_catalog,pg_enum,0,0,0,0,0,0,0,0,0,0,0,0,0,0,,,,
1416251133.93669,pg_toast,pg_toast_2396,0,0,0,0,0,0,0,0,0,0,0,0,0,0,,,,
1416251133.93669,pg_catalog,pg_pltemplate,0,0,0,0,0,0,0,0,0,0,0,0,0,0,,,,
1416251133.93669,pg_toast,pg_toast_2618,0,0,104,332,0,0,0,0,0,0,45,83,10,158,,,,
1416251133.93669,pg_toast,pg_toast_3596,0,0,0,0,0,0,0,0,0,0,0,0,0,0,,,,
1416251133.93669,pg_toast,pg_toast_2606,0,0,0,0,0,0,0,0,0,0,0,0,0,0,,,,
1416251133.93669,pg_toast,pg_toast_2964,0,0,0,0,0,0,0,0,0,0,0,0,0,0,,,,
1416251133.93669,pg_toast,pg_toast_12330,0,0,0,0,0,0,0,0,0,0,0,0,0,0,,,,
1416251133.93669,pg_catalog,pg_database,63,234,1060,1060,0,0,0,0,0,0,0,1123,20,1627,,,,
1416251133.93669,information_schema,sql_sizing_profiles,0,0,,,0,0,0,0,0,0,0,0,,,0,0,0,0
1416251133.93669,public,time_statistics,18,188,,,20,18,0,18,20,18,3,53,,,,,,
1416251133.93669,public,supplier,9,500000,3298892,3367816,100000,0,0,0,100000,0,9217,3318535,758,6615094,,,,
1416251133.93669,pg_toast,pg_toast_2620,0,0,0,0,0,0,0,0,0,0,0,0,0,0,,,,
1416251133.93669,pg_catalog,pg_depend,0,0,591,644,108,0,108,0,90,108,40,898,46,1702,,,,
1416251133.93669,pg_catalog,pg_language,0,0,0,0,0,0,0,0,0,0,0,0,0,0,,,,
1416251133.93669,pg_toast,pg_toast_12320,0,0,0,0,0,0,0,0,0,0,0,0,0,0,,,,
1416251133.93669,pg_catalog,pg_amproc,12,24,950,1511,0,0,0,0,0,0,11,959,15,2163,,,,
1416251133.93669,public,customer,12,12000000,64,1174099,1500000,0,0,0,1500000,0,126119,558999,3610,185,,,,
1416251133.93669,public,part,10,16000000,64,2357090,2000000,0,0,0,2000000,0,190317,409565,6643,191,,,,
1416251133.93669,pg_catalog,pg_collation,0,0,0,0,0,0,0,0,0,0,0,0,0,0,,,,
1416251133.93669,pg_catalog,pg_range,0,0,20,0,0,0,0,0,0,0,0,0,12,28,,,,
1416251133.93669,pg_toast,pg_toast_2609,0,0,0,0,0,0,0,0,0,0,0,0,0,0,,,,
1416251133.93669,pg_catalog,pg_opclass,12,12,1251,14126,0,0,0,0,0,0,11,5336,16,1646,,,,
1416251133.93669,information_schema,sql_packages,0,0,,,0,0,0,0,0,0,0,0,,,0,0,0,0
1416251133.93669,pg_catalog,pg_rewrite,0,0,156,150,2,0,2,0,0,2,46,117,10,258,45,83,20,316
1416251133.93669,pg_toast,pg_toast_1255,0,0,0,0,0,0,0,0,0,0,0,0,0,0,,,,
1416251133.93669,pg_catalog,pg_seclabel,0,0,73,0,0,0,0,0,0,0,0,0,2,71,0,0,0,0
1416251133.93669,pg_toast,pg_toast_12335,0,0,0,0,0,0,0,0,0,0,0,0,0,0,,,,
1416251133.93669,public,orders,14,120060000,5165349,5459689,15015000,0,0,0,15015000,0,1504725,6687127,86731,15574131,,,,
1416251133.93669,pg_catalog,pg_ts_parser,0,0,0,0,0,0,0,0,0,0,0,0,0,0,,,,
1416251133.93669,pg_catalog,pg_trigger,0,0,0,0,0,0,0,0,0,0,0,0,0,0,0,0,0,0
1416251133.93669,pg_toast,pg_toast_12340,0,0,0,0,0,0,0,0,0,0,0,0,0,0,,,,
1416251133.93669,pg_catalog,pg_shseclabel,0,0,0,0,0,0,0,0,0,0,0,0,0,0,,,,
1416251133.93669,pg_catalog,pg_event_trigger,0,0,50,0,0,0,0,0,0,0,0,0,2,48,,,,
1416251133.93669,information_schema,sql_features,0,0,,,0,0,0,0,0,0,0,0,,,0,0,0,0
1416251133.93669,information_schema,sql_languages,0,0,,,0,0,0,0,0,0,0,0,,,0,0,0,0
1416251133.93669,pg_catalog,pg_foreign_table,0,0,0,0,0,0,0,0,0,0,0,0,0,0,,,,
1416251133.93669,pg_catalog,pg_extension,0,0,0,0,0,0,0,0,0,0,0,0,0,0,,,,
1416251133.93669,pg_catalog,pg_ts_config,0,0,0,0,0,0,0,0,0,0,0,0,0,0,,,,
1416251133.93669,pg_catalog,pg_shdescription,0,0,0,0,0,0,0,0,0,0,0,0,0,0,0,0,0,0
1416251133.93669,pg_catalog,pg_cast,0,0,5628,1575,0,0,0,0,0,0,8,1567,8,5838,,,,
1416251133.93669,pg_catalog,pg_amop,0,0,1657,2208,0,0,0,0,0,0,12,2196,21,3573,,,,
1416251133.93669,pg_catalog,pg_user_mapping,0,0,0,0,0,0,0,0,0,0,0,0,0,0,,,,
1416251133.93669,pg_toast,pg_toast_12315,0,0,0,0,0,0,0,0,0,0,0,0,0,0,,,,
1416251133.93669,pg_catalog,pg_type,0,0,4143,4073,23,0,23,0,19,23,25,4153,36,8644,,,,
1416251133.93669,pg_catalog,pg_largeobject,0,0,0,0,0,0,0,0,0,0,0,0,0,0,,,,
1416251133.93669,information_schema,sql_parts,0,0,,,0,0,0,0,0,0,0,0,,,0,0,0,0
1416251133.93669,public,region,6391,31930,14,14,5,0,0,0,5,0,3,6399,6,13,,,,
1416251133.93669,pg_catalog,pg_ts_config_map,0,0,0,0,0,0,0,0,0,0,0,0,0,0,,,,
1416251133.93669,pg_catalog,pg_largeobject_metadata,0,0,0,0,0,0,0,0,0,0,0,0,0,0,,,,
1416251133.93669,pg_catalog,pg_am,306,306,0,0,0,0,0,0,0,0,5,301,0,0,,,,
1416251133.93669,pg_catalog,pg_ts_template,0,0,0,0,0,0,0,0,0,0,0,0,0,0,,,,
1416251133.93669,pg_catalog,pg_foreign_server,0,0,0,0,0,0,0,0,0,0,0,0,0,0,,,,
1416251133.93669,pg_catalog,pg_namespace,44,3696,3456,3207,0,0,0,0,0,0,10,3285,18,3752,,,,
1416251133.93669,pg_toast,pg_toast_2619,0,0,449,1353,244,0,14,0,243,14,191,861,9,734,,,,
1416251133.93669,public,partsupp,7,40000000,56170,2353872,8000000,0,0,0,8000000,0,853896,3056001,38468,136661,,,,
1416251133.93669,pg_catalog,pg_authid,26,26,512,512,0,0,0,0,0,0,4,534,16,1008,,,,
1416251133.93669,pg_catalog,pg_default_acl,0,0,48,0,0,0,0,0,0,0,0,0,2,46,,,,
1416251133.93669,pg_catalog,pg_shdepend,0,0,85,12,0,0,0,0,0,0,2,10,8,101,,,,
1416251133.93669,pg_catalog,pg_constraint,0,0,16,8,8,0,8,0,8,8,4,44,8,80,0,0,0,0
1416251133.93669,information_schema,sql_implementation_info,0,0,,,0,0,0,0,0,0,0,0,,,0,0,0,0
1416251133.93669,pg_catalog,pg_index,122,11114,5387,6327,28,0,28,0,28,28,29,6572,16,5901,,,,
1416251133.93669,pg_catalog,pg_ts_dict,0,0,0,0,0,0,0,0,0,0,0,0,0,0,,,,
1416251133.93669,pg_toast,pg_toast_2604,0,0,0,0,0,0,0,0,0,0,0,0,0,0,,,,
1416251133.93669,pg_toast,pg_toast_12325,0,0,0,0,0,0,0,0,0,0,0,0,0,0,,,,
1416251133.93669,information_schema,sql_sizing,0,0,,,0,0,0,0,0,0,0,0,,,0,0,0,0
1416251133.93669,pg_catalog,pg_proc,0,0,2294,3365,0,0,0,0,0,0,118,2618,66,4900,0,0,0,0
1416251193.93893,pg_catalog,pg_attrdef,0,0,0,0,0,0,0,0,0,0,0,0,0,0,0,0,0,0
1416251193.93893,pg_catalog,pg_db_role_setting,0,0,1244,0,0,0,0,0,0,0,0,0,5,1239,0,0,0,0
1416251193.93893,public,nation,22,275,25596,25596,25,0,0,0,25,0,5,25604,11,25601,,,,
1416251193.93893,pg_catalog,pg_rowsecurity,0,0,0,0,0,0,0,0,0,0,0,0,0,0,,,,
1416251193.93893,pg_catalog,pg_description,0,0,73,0,0,0,0,0,0,0,0,0,6,152,0,0,0,0
1416251193.93893,pg_catalog,pg_foreign_data_wrapper,0,0,0,0,0,0,0,0,0,0,0,0,0,0,,,,
1416251193.93893,pg_catalog,pg_conversion,0,0,0,0,0,0,0,0,0,0,0,0,0,0,,,,
1416251193.93893,pg_catalog,pg_class,277,63943,10479,10135,40,2,40,2,38,27,67,13042,62,21821,,,,
1416251193.93893,pg_catalog,pg_opfamily,0,0,0,0,0,0,0,0,0,0,0,0,0,0,,,,
1416251193.93893,pg_catalog,pg_auth_members,0,0,0,0,0,0,0,0,0,0,0,0,0,0,,,,
1416251193.93893,pg_catalog,pg_operator,0,0,1212,4655,0,0,0,0,0,0,53,3328,35,2723,,,,
1416251193.93893,pg_toast,pg_toast_12345,0,0,0,0,0,0,0,0,0,0,0,0,0,0,,,,
1416251193.93893,pg_catalog,pg_attribute,66,450,7358,15805,182,10,182,10,2042,13,191,9081,69,15839,,,,
1416251193.93893,pg_catalog,pg_tablespace,0,0,172,172,0,0,0,0,0,0,4,168,10,338,,,,
1416251193.93893,pg_catalog,pg_statistic,0,0,1198,990,63,21,66,20,63,44,109,1043,20,2697,209,886,9,763
1416251193.93893,public,lineitem,17,780057144,2556725,85572116,60045669,0,0,0,60045377,0,15763948,24803627,709882,11204316,,,,
1416251193.93893,pg_catalog,pg_aggregate,0,0,78,78,0,0,0,0,0,0,4,74,8,132,,,,
1416251193.93893,pg_catalog,pg_inherits,0,0,12,0,0,0,0,0,0,0,0,0,2,10,,,,
1416251193.93893,pg_catalog,pg_enum,0,0,0,0,0,0,0,0,0,0,0,0,0,0,,,,
1416251193.93893,pg_toast,pg_toast_2396,0,0,0,0,0,0,0,0,0,0,0,0,0,0,,,,
1416251193.93893,pg_catalog,pg_pltemplate,0,0,0,0,0,0,0,0,0,0,0,0,0,0,,,,
1416251193.93893,pg_toast,pg_toast_2618,0,0,110,350,0,0,0,0,0,0,46,89,10,168,,,,
1416251193.93893,pg_toast,pg_toast_3596,0,0,0,0,0,0,0,0,0,0,0,0,0,0,,,,
1416251193.93893,pg_toast,pg_toast_2606,0,0,0,0,0,0,0,0,0,0,0,0,0,0,,,,
1416251193.93893,pg_toast,pg_toast_2964,0,0,0,0,0,0,0,0,0,0,0,0,0,0,,,,
1416251193.93893,pg_toast,pg_toast_12330,0,0,0,0,0,0,0,0,0,0,0,0,0,0,,,,
1416251193.93893,pg_catalog,pg_database,66,246,1116,1116,0,0,0,0,0,0,0,1182,20,1715,,,,
1416251193.93893,information_schema,sql_sizing_profiles,0,0,,,0,0,0,0,0,0,0,0,,,0,0,0,0
1416251193.93893,public,time_statistics,21,251,,,23,21,0,21,23,21,3,62,,,,,,
1416251193.93893,public,supplier,9,500000,3298892,3367816,100000,0,0,0,100000,0,9217,3318535,758,6615094,,,,
1416251193.93893,pg_toast,pg_toast_2620,0,0,0,0,0,0,0,0,0,0,0,0,0,0,,,,
1416251193.93893,pg_catalog,pg_depend,0,0,591,644,108,0,108,0,90,108,40,898,46,1702,,,,
1416251193.93893,pg_catalog,pg_language,0,0,0,0,0,0,0,0,0,0,0,0,0,0,,,,
1416251193.93893,pg_toast,pg_toast_12320,0,0,0,0,0,0,0,0,0,0,0,0,0,0,,,,
1416251193.93893,pg_catalog,pg_amproc,12,24,1004,1594,0,0,0,0,0,0,11,1012,15,2286,,,,
1416251193.93893,public,customer,13,13500000,68,1174103,1500000,0,0,0,1500000,0,161397,559003,3620,192,,,,
1416251193.93893,public,part,10,16000000,80,2367506,2000000,0,0,0,2000000,0,199524,409566,7918,751,,,,
1416251193.93893,pg_catalog,pg_collation,0,0,0,0,0,0,0,0,0,0,0,0,0,0,,,,
1416251193.93893,pg_catalog,pg_range,0,0,23,0,0,0,0,0,0,0,0,0,12,34,,,,
1416251193.93893,pg_toast,pg_toast_2609,0,0,0,0,0,0,0,0,0,0,0,0,0,0,,,,
1416251193.93893,pg_catalog,pg_opclass,12,12,1322,14974,0,0,0,0,0,0,11,5667,16,1739,,,,
1416251193.93893,information_schema,sql_packages,0,0,,,0,0,0,0,0,0,0,0,,,0,0,0,0
1416251193.93893,pg_catalog,pg_rewrite,0,0,165,159,2,0,2,0,0,2,46,126,10,274,46,89,20,336
1416251193.93893,pg_toast,pg_toast_1255,0,0,0,0,0,0,0,0,0,0,0,0,0,0,,,,
1416251193.93893,pg_catalog,pg_seclabel,0,0,73,0,0,0,0,0,0,0,0,0,2,71,0,0,0,0
1416251193.93893,pg_toast,pg_toast_12335,0,0,0,0,0,0,0,0,0,0,0,0,0,0,,,,
1416251193.93893,public,orders,14,120060000,5165352,6014512,15015000,0,0,0,15015000,0,1654178,6763734,88253,15574135,,,,
1416251193.93893,pg_catalog,pg_ts_parser,0,0,0,0,0,0,0,0,0,0,0,0,0,0,,,,
1416251193.93893,pg_catalog,pg_trigger,0,0,0,0,0,0,0,0,0,0,0,0,0,0,0,0,0,0
1416251193.93893,pg_toast,pg_toast_12340,0,0,0,0,0,0,0,0,0,0,0,0,0,0,,,,
1416251193.93893,pg_catalog,pg_shseclabel,0,0,0,0,0,0,0,0,0,0,0,0,0,0,,,,
1416251193.93893,pg_catalog,pg_event_trigger,0,0,50,0,0,0,0,0,0,0,0,0,2,48,,,,
1416251193.93893,information_schema,sql_features,0,0,,,0,0,0,0,0,0,0,0,,,0,0,0,0
1416251193.93893,information_schema,sql_languages,0,0,,,0,0,0,0,0,0,0,0,,,0,0,0,0
1416251193.93893,pg_catalog,pg_foreign_table,0,0,0,0,0,0,0,0,0,0,0,0,0,0,,,,
1416251193.93893,pg_catalog,pg_extension,0,0,0,0,0,0,0,0,0,0,0,0,0,0,,,,
1416251193.93893,pg_catalog,pg_ts_config,0,0,0,0,0,0,0,0,0,0,0,0,0,0,,,,
1416251193.93893,pg_catalog,pg_shdescription,0,0,0,0,0,0,0,0,0,0,0,0,0,0,0,0,0,0
1416251193.93893,pg_catalog,pg_cast,0,0,6074,1680,0,0,0,0,0,0,8,1672,8,6300,,,,
1416251193.93893,pg_catalog,pg_amop,0,0,1777,2378,0,0,0,0,0,0,12,2366,22,3833,,,,
1416251193.93893,pg_catalog,pg_user_mapping,0,0,0,0,0,0,0,0,0,0,0,0,0,0,,,,
1416251193.93893,pg_toast,pg_toast_12315,0,0,0,0,0,0,0,0,0,0,0,0,0,0,,,,
1416251193.93893,pg_catalog,pg_type,0,0,4516,4446,23,0,23,0,19,23,25,4526,37,9407,,,,
1416251193.93893,pg_catalog,pg_largeobject,0,0,0,0,0,0,0,0,0,0,0,0,0,0,,,,
1416251193.93893,information_schema,sql_parts,0,0,,,0,0,0,0,0,0,0,0,,,0,0,0,0
1416251193.93893,public,region,6391,31930,14,14,5,0,0,0,5,0,3,6399,6,13,,,,
1416251193.93893,pg_catalog,pg_ts_config_map,0,0,0,0,0,0,0,0,0,0,0,0,0,0,,,,
1416251193.93893,pg_catalog,pg_largeobject_metadata,0,0,0,0,0,0,0,0,0,0,0,0,0,0,,,,
1416251193.93893,pg_catalog,pg_am,321,321,0,0,0,0,0,0,0,0,5,316,0,0,,,,
1416251193.93893,pg_catalog,pg_ts_template,0,0,0,0,0,0,0,0,0,0,0,0,0,0,,,,
1416251193.93893,pg_catalog,pg_foreign_server,0,0,0,0,0,0,0,0,0,0,0,0,0,0,,,,
1416251193.93893,pg_catalog,pg_namespace,46,3864,3646,3381,0,0,0,0,0,0,10,3463,18,3960,,,,
1416251193.93893,pg_toast,pg_toast_2619,0,0,475,1456,244,0,14,0,243,14,209,886,9,763,,,,
1416251193.93893,public,partsupp,7,40000000,56170,2353872,8000000,0,0,0,8000000,0,853896,3056001,38468,136661,,,,
1416251193.93893,pg_catalog,pg_authid,27,27,540,540,0,0,0,0,0,0,4,563,16,1064,,,,
1416251193.93893,pg_catalog,pg_default_acl,0,0,48,0,0,0,0,0,0,0,0,0,2,46,,,,
1416251193.93893,pg_catalog,pg_shdepend,0,0,85,12,0,0,0,0,0,0,2,10,8,101,,,,
1416251193.93893,pg_catalog,pg_constraint,0,0,16,8,8,0,8,0,8,8,4,44,8,80,0,0,0,0
1416251193.93893,information_schema,sql_implementation_info,0,0,,,0,0,0,0,0,0,0,0,,,0,0,0,0
1416251193.93893,pg_catalog,pg_index,126,11686,5639,6627,28,0,28,0,28,28,29,6883,16,6178,,,,
1416251193.93893,pg_catalog,pg_ts_dict,0,0,0,0,0,0,0,0,0,0,0,0,0,0,,,,
1416251193.93893,pg_toast,pg_toast_2604,0,0,0,0,0,0,0,0,0,0,0,0,0,0,,,,
1416251193.93893,pg_toast,pg_toast_12325,0,0,0,0,0,0,0,0,0,0,0,0,0,0,,,,
1416251193.93893,information_schema,sql_sizing,0,0,,,0,0,0,0,0,0,0,0,,,0,0,0,0
1416251193.93893,pg_catalog,pg_proc,0,0,2460,3608,0,0,0,0,0,0,126,2804,69,5261,0,0,0,0
1416251253.94114,pg_catalog,pg_attrdef,0,0,0,0,0,0,0,0,0,0,0,0,0,0,0,0,0,0
1416251253.94114,pg_catalog,pg_db_role_setting,0,0,1308,0,0,0,0,0,0,0,0,0,5,1303,0,0,0,0
1416251253.94114,public,nation,24,325,25613,25637,25,0,0,0,25,0,5,25623,12,25619,,,,
1416251253.94114,pg_catalog,pg_rowsecurity,0,0,0,0,0,0,0,0,0,0,0,0,0,0,,,,
1416251253.94114,pg_catalog,pg_description,0,0,73,0,0,0,0,0,0,0,0,0,6,152,0,0,0,0
1416251253.94114,pg_catalog,pg_foreign_data_wrapper,0,0,0,0,0,0,0,0,0,0,0,0,0,0,,,,
1416251253.94114,pg_catalog,pg_conversion,0,0,0,0,0,0,0,0,0,0,0,0,0,0,,,,
1416251253.94114,pg_catalog,pg_class,286,66656,10963,10600,40,2,40,2,38,27,68,13615,63,22818,,,,
1416251253.94114,pg_catalog,pg_opfamily,0,0,0,0,0,0,0,0,0,0,0,0,0,0,,,,
1416251253.94114,pg_catalog,pg_auth_members,0,0,0,0,0,0,0,0,0,0,0,0,0,0,,,,
1416251253.94114,pg_catalog,pg_operator,0,0,1290,4995,0,0,0,0,0,0,53,3564,37,2894,,,,
1416251253.94114,pg_toast,pg_toast_12345,0,0,0,0,0,0,0,0,0,0,0,0,0,0,,,,
1416251253.94114,pg_catalog,pg_attribute,66,450,7668,16386,182,10,182,10,2042,13,191,9407,69,16474,,,,
1416251253.94114,pg_catalog,pg_tablespace,0,0,183,183,0,0,0,0,0,0,4,179,10,360,,,,
1416251253.94114,pg_catalog,pg_statistic,0,0,1267,1046,63,21,66,20,63,44,112,1096,20,2844,217,924,9,801
1416251253.94114,public,lineitem,17,780057144,4217253,96054984,60045669,0,0,0,60045377,0,17054041,25495402,1115338,17489958,,,,
1416251253.94114,pg_catalog,pg_aggregate,0,0,82,82,0,0,0,0,0,0,4,78,8,140,,,,
1416251253.94114,pg_catalog,pg_inherits,0,0,12,0,0,0,0,0,0,0,0,0,2,10,,,,
1416251253.94114,pg_catalog,pg_enum,0,0,0,0,0,0,0,0,0,0,0,0,0,0,,,,
1416251253.94114,pg_toast,pg_toast_2396,0,0,0,0,0,0,0,0,0,0,0,0,0,0,,,,
1416251253.94114,pg_catalog,pg_pltemplate,0,0,0,0,0,0,0,0,0,0,0,0,0,0,,,,
1416251253.94114,pg_toast,pg_toast_2618,0,0,114,364,0,0,0,0,0,0,49,91,10,174,,,,
1416251253.94114,pg_toast,pg_toast_3596,0,0,0,0,0,0,0,0,0,0,0,0,0,0,,,,
1416251253.94114,pg_toast,pg_toast_2606,0,0,0,0,0,0,0,0,0,0,0,0,0,0,,,,
1416251253.94114,pg_toast,pg_toast_2964,0,0,0,0,0,0,0,0,0,0,0,0,0,0,,,,
1416251253.94114,pg_toast,pg_toast_12330,0,0,0,0,0,0,0,0,0,0,0,0,0,0,,,,
1416251253.94114,pg_catalog,pg_database,69,258,1172,1172,0,0,0,0,0,0,0,1241,20,1803,,,,
1416251253.94114,information_schema,sql_sizing_profiles,0,0,,,0,0,0,0,0,0,0,0,,,0,0,0,0
1416251253.94114,public,time_statistics,24,323,,,26,24,0,24,26,24,3,71,,,,,,
1416251253.94114,public,supplier,11,700000,3298900,3367824,100000,0,0,0,100000,0,11395,3320723,762,6615112,,,,
1416251253.94114,pg_toast,pg_toast_2620,0,0,0,0,0,0,0,0,0,0,0,0,0,0,,,,
1416251253.94114,pg_catalog,pg_depend,0,0,591,644,108,0,108,0,90,108,40,898,46,1702,,,,
1416251253.94114,pg_catalog,pg_language,0,0,0,0,0,0,0,0,0,0,0,0,0,0,,,,
1416251253.94114,pg_toast,pg_toast_12320,0,0,0,0,0,0,0,0,0,0,0,0,0,0,,,,
1416251253.94114,pg_catalog,pg_amproc,12,24,1052,1668,0,0,0,0,0,0,11,1058,15,2397,,,,
1416251253.94114,public,customer,14,15000000,81,1474381,1500000,0,0,0,1500000,0,196673,704413,4455,226,,,,
1416251253.94114,public,part,10,16000000,80,2367506,2000000,0,0,0,2000000,0,199524,409566,7918,751,,,,
1416251253.94114,pg_catalog,pg_collation,0,0,0,0,0,0,0,0,0,0,0,0,0,0,,,,
1416251253.94114,pg_catalog,pg_range,0,0,26,0,0,0,0,0,0,0,0,0,14,38,,,,
1416251253.94114,pg_toast,pg_toast_2609,0,0,0,0,0,0,0,0,0,0,0,0,0,0,,,,
1416251253.94114,pg_catalog,pg_opclass,12,12,1377,15520,0,0,0,0,0,0,11,5886,16,1814,,,,
1416251253.94114,information_schema,sql_packages,0,0,,,0,0,0,0,0,0,0,0,,,0,0,0,0
1416251253.94114,pg_catalog,pg_rewrite,0,0,170,164,2,0,2,0,0,2,49,128,10,282,49,91,20,348
1416251253.94114,pg_toast,pg_toast_1255,0,0,0,0,0,0,0,0,0,0,0,0,0,0,,,,
1416251253.94114,pg_catalog,pg_seclabel,0,0,73,0,0,0,0,0,0,0,0,0,2,71,0,0,0,0
1416251253.94114,pg_toast,pg_toast_12335,0,0,0,0,0,0,0,0,0,0,0,0,0,0,,,,
1416251253.94114,public,orders,16,150090000,5165363,8298653,15015000,0,0,0,15015000,0,1907699,7270772,94498,15574167,,,,
1416251253.94114,pg_catalog,pg_ts_parser,0,0,0,0,0,0,0,0,0,0,0,0,0,0,,,,
1416251253.94114,pg_catalog,pg_trigger,0,0,0,0,0,0,0,0,0,0,0,0,0,0,0,0,0,0
1416251253.94114,pg_toast,pg_toast_12340,0,0,0,0,0,0,0,0,0,0,0,0,0,0,,,,
1416251253.94114,pg_catalog,pg_shseclabel,0,0,0,0,0,0,0,0,0,0,0,0,0,0,,,,
1416251253.94114,pg_catalog,pg_event_trigger,0,0,50,0,0,0,0,0,0,0,0,0,2,48,,,,
1416251253.94114,information_schema,sql_features,0,0,,,0,0,0,0,0,0,0,0,,,0,0,0,0
1416251253.94114,information_schema,sql_languages,0,0,,,0,0,0,0,0,0,0,0,,,0,0,0,0
1416251253.94114,pg_catalog,pg_foreign_table,0,0,0,0,0,0,0,0,0,0,0,0,0,0,,,,
1416251253.94114,pg_catalog,pg_extension,0,0,0,0,0,0,0,0,0,0,0,0,0,0,,,,
1416251253.94114,pg_catalog,pg_ts_config,0,0,0,0,0,0,0,0,0,0,0,0,0,0,,,,
1416251253.94114,pg_catalog,pg_shdescription,0,0,0,0,0,0,0,0,0,0,0,0,0,0,0,0,0,0
1416251253.94114,pg_catalog,pg_cast,0,0,6344,1746,0,0,0,0,0,0,8,1738,8,6582,,,,
1416251253.94114,pg_catalog,pg_amop,0,0,1859,2501,0,0,0,0,0,0,12,2489,23,4009,,,,
1416251253.94114,pg_catalog,pg_user_mapping,0,0,0,0,0,0,0,0,0,0,0,0,0,0,,,,
1416251253.94114,pg_toast,pg_toast_12315,0,0,0,0,0,0,0,0,0,0,0,0,0,0,,,,
1416251253.94114,pg_catalog,pg_type,0,0,4786,4716,23,0,23,0,19,23,25,4796,39,9960,,,,
1416251253.94114,pg_catalog,pg_largeobject,0,0,0,0,0,0,0,0,0,0,0,0,0,0,,,,
1416251253.94114,information_schema,sql_parts,0,0,,,0,0,0,0,0,0,0,0,,,0,0,0,0
1416251253.94114,public,region,6392,31935,16,16,5,0,0,0,5,0,4,6401,8,14,,,,
1416251253.94114,pg_catalog,pg_ts_config_map,0,0,0,0,0,0,0,0,0,0,0,0,0,0,,,,
1416251253.94114,pg_catalog,pg_largeobject_metadata,0,0,0,0,0,0,0,0,0,0,0,0,0,0,,,,
1416251253.94114,pg_catalog,pg_am,336,336,0,0,0,0,0,0,0,0,5,331,0,0,,,,
1416251253.94114,pg_catalog,pg_ts_template,0,0,0,0,0,0,0,0,0,0,0,0,0,0,,,,
1416251253.94114,pg_catalog,pg_foreign_server,0,0,0,0,0,0,0,0,0,0,0,0,0,0,,,,
1416251253.94114,pg_catalog,pg_namespace,48,4032,3825,3548,0,0,0,0,0,0,10,3634,18,4153,,,,
1416251253.94114,pg_toast,pg_toast_2619,0,0,510,1561,244,0,14,0,243,14,217,924,9,801,,,,
1416251253.94114,public,partsupp,7,40000000,56170,2353872,8000000,0,0,0,8000000,0,853896,3056001,38468,136661,,,,
1416251253.94114,pg_catalog,pg_authid,28,28,568,568,0,0,0,0,0,0,4,592,16,1120,,,,
1416251253.94114,pg_catalog,pg_default_acl,0,0,48,0,0,0,0,0,0,0,0,0,2,46,,,,
1416251253.94114,pg_catalog,pg_shdepend,0,0,85,12,0,0,0,0,0,0,2,10,8,101,,,,
1416251253.94114,pg_catalog,pg_constraint,0,0,16,8,8,0,8,0,8,8,4,44,8,80,0,0,0,0
1416251253.94114,information_schema,sql_implementation_info,0,0,,,0,0,0,0,0,0,0,0,,,0,0,0,0
1416251253.94114,pg_catalog,pg_index,130,12258,5895,6931,28,0,28,0,28,28,29,7206,16,6455,,,,
1416251253.94114,pg_catalog,pg_ts_dict,0,0,0,0,0,0,0,0,0,0,0,0,0,0,,,,
1416251253.94114,pg_toast,pg_toast_2604,0,0,0,0,0,0,0,0,0,0,0,0,0,0,,,,
1416251253.94114,pg_toast,pg_toast_12325,0,0,0,0,0,0,0,0,0,0,0,0,0,0,,,,
1416251253.94114,information_schema,sql_sizing,0,0,,,0,0,0,0,0,0,0,0,,,0,0,0,0
1416251253.94114,pg_catalog,pg_proc,0,0,2597,3794,0,0,0,0,0,0,133,2950,69,5559,0,0,0,0
